Ordered	ORF Amp#	Pair	5'-3' forward Wild Type	5'-3' reverse Wild Type	5'-3' forward Synthetic	5'-3' reverse Synthetic	Size	%Diff	WT Tm	Syn Tm
T	YCL063W	1	GTCTTCCTCGGATACGTATGAGTCTTTC	ATTAGATGGCCTGAAGAATGAGGCGGAG	AAGCAGCAGCGACACCTACGAAAGCTTT	GTTGCTAGGTCGAAAAAAGCTAGCGCTA	280	59		
F	YCL061C	1	GGAGCTCAATAGTGGAACCCTTTTCTCA	ACAGACTGCGCATGATGAGGATAAGACA	GCTAGATAGCAAAGGGACTCGCTTTTCG	TCAAACCGCTCACGACGAAGACAAAACC	421	47		
F	YCL061C	2	ATCATCGTCCTCATTTGAGGACGAATCG	ACAGCGTATAGATAGCAGCGGTGCAACC	GTCGTCATCTTCGTTGCTGCTGCTGTCA	CCAACGAATCGACTCTTCTGGCGCTACT	499	52		
F	YCL061C	3	TCTTTGCGTCTGCGTGAATGAAGAAGAG	AGACAATCCGCCAGAGTTGACTGGGAAC	TCGTTGGGTTTGGGTAAAGCTGCTGCTA	CGATAACCCACCTGAACTAACCGGTAAT	256	47		
F	YCL059C	1	ATCAACCTTTCTAGGCAATTGGGCAGGA	ATTGGCGAGATCCGTTCCTTTCCCG	GTCGACTTTTCGTGGTAGTTGAGCTGGT	GCTAGCTCGAAGCGTCCCATTTCCA	475	40		
F	YCL057W	1	TTGGTCGTTCACTCCCAGCGATATTAGT	GGAGTTCACAGATGCGTCCCTAATTTCT	CTGGAGCTTTACCCCATCTGACATCTCT	GCTATTAACGCTAGCATCTCGGATTTCC	223	48		
F	YCL057W	2	ACTAGAGGCTACGATTACTGGTATGCTG	AGATCCGGGGCCATTAAACCTCGATTCC	TTTGGAAGCCACCATCACCGGCATGTTG	GCTACCTGGACCGTTGAATCGGCTTTCT	424	43		
F	YCL055W	1	TGCCACTACGCCATTTGGGTGTAAAATC	TGGTACAGCACCATTAGTGGTGTCCTTC	CGCTACCACCCCTTTCGGTTGCAAGATT	AGGAACGGCGCCGTTGGTAGTATCTTTG	484	36		
F	YCL054W	1	TAGAAGGTCGGAAAGGGATGCCAAGTTT	GGAGTCATCACTTGAACTCTCATCCGAA	CCGACGAAGCGAACGAGACGCTAAATTC	GCTATCGTCAGAGCTAGATTCGTCGCTG	433	54		
F	YCL054W	2	TGCATCCAAACTCTGTCCTGTCAACTCC	TAATCTTGGGTCCAGCCTCTTTGGTGCC	CGCTAGCAAGTTGTGCCCAGTTAATAGC	CAATCGAGGATCCAATCGTTTAGGAGCT	448	43		
F	YCL054W	3	GGCACATCAGTTAGCATTGGGTCAGAAA	GTCTGAATCATCGTTAATCAAGCCCGCC	AGCTCACCAATTGGCTCTAGGCCAAAAG	ATCGCTGTCGTCATTGATTAGACCAGCT	304	43		
F	YCL052C	1	CAGATATAGTGATGTCGTAGTCGTCGAG	CTCAAATTCTTCGGATGTGCCGGAAAGG	CAAGTACAAGCTGGTGGTGGTGGTGCTA	TAGCAACAGCAGCGACGTTCCAGAACGA	418	56		
F	YCL051W	1	CTCTGTGGTCAAATCCTGTACGCCTGAT	ATTGCTTGTTGCTGCGCTGTTGCTCGCA	TAGCGTTGTTAAGAGCTGCACCCCAGAC	GTTAGAGGTAGCAGCAGAATTAGAAGCG	283	52		
F	YCL051W	2	CGATGCGTTGAAGACAAGGCCTAGGTCA	TTTAGAAGGGGTATAGGCCAGGGAAGAA	TGACGCTCTAAAAACCCGACCACGAAGC	CTTGCTTGGAGTGTAAGCCAAGCTGCTT	496	54		
F	YCL050C	1	ATCAGAAAAGGCCTTCGAGCGTGGAACG	AGCCAGTGGTTCTTCATTGGACCACAAA	GTCGCTGAAAGCTTTGCTTCGAGGGACA	TGCTTCTGGCAGCAGCCTAGATCATAAG	355	54		
F	YCL049C	1	AACATGGTAGTACCTGGACCAAGCGCTA	CATCTCGGTGCCATATAATTGGACGTCA	GACGTGATAATATCGGCTCCAGGCAGAG	AATTAGCGTTCCTTACAACTGGACCAGC	304	46		
F	YCL048W	1	GGATTTGAACAGCTTGAGGGCCATTGGT	TGGAAGGTAGACCAATGATGTGTCCCTA	AGACCTAAATTCTCTACGAGCTATCGGC	AGGCAAATAAACTAGGCTGGTATCTCGG	475	54		
F	YCL047C	1	TCTTAGTTGCGATTCAGCACTGAGATGG	AGTATCTGTCGGGTTGACTGTTTTCTCG	TCGCAATTGGCTTTCGGCAGACAAGTGA	TGTTAGCGTTGGTCTAACCGTCTTTAGC	250	50		
F	YCL045C	1	CAACTGCGAATCGGATCCTGGCAATAGA	CCCAGATGAGCGTTTGTCTAACTCAAGC	TAGTTGGCTGTCGCTACCAGGTAGCAAG	TCCTGACGAACGACTAAGCAATAGCTCT	361	59		
F	YCL045C	2	CCTTTCAGATAGGGGGGATCTTGATTTG	TGCTGTATTGGACGTCTTCGATTCTAGG	TCGTTCGCTCAATGGGCTTCGGCTCTTA	CGCCGTTCTAGATGTTTTTGACAGCCGA	463	54		
T	YCL044C	1	AAGGCCAGTAGAAGAAGACTGCGGATTG	TGGCTCTTTGCTACTTTCTCAGTCACTG	CAAACCGGTGCTGCTGCTTTGTGGGTTA	CGGTAGCCTATTGTTGAGCCAAAGCTTA	439	65		
F	YCL043C	1	AGAGTCCAAGGATCTTGAACCTTGGTAC	CTTGAAAGGTGATGCCTCCCCAATCGTG	GCTATCTAGGCTTCGGCTGCCTTGATAA	TCTAAAGGGCGACGCTAGCCCTATTGTT	358	49		
F	YCL043C	2	AAACGCCTCTTCAGAGAGTTGAGGCAAA	CGAAAGCGGTTTGCCTTTGGGTTACTTA	GAAAGCTTCTTCGCTCAATTGTGGTAGG	TGAATCTGGCCTACCACTAGGCTATTTG	247	45		
F	YCL040W	1	ACTGTCAACGAACCCGGGATTTCACTTG	AGATCTCCTAGAAATCGCGCGCACC	GTTGAGCACCAATCCAGGTTTCCATCTA	GCTTCGTCGGCTGATAGCTCGAACT	319	51		
F	YCL040W	2	CCAGTTGTCATCCGAAGTGCTGTCGCAT	GGCACCCAAGGGTGACAAGGCT	TCAACTAAGCAGCGAAGTTTTGAGCCAC	AGCGCCTAGTGGGCTTAGAGCC	325	55		
F	YCL039W	1	GGATGATGACGCCTCTTTCTCCTCTCCA	GTTTGCCGGCCTCGAGGAAGATGAT	AGACGACGATGCTAGCTTTAGCAGCCCT	ATTAGCTGGTCGGCTGCTGCTGCTA	496	61		
F	YCL039W	2	TAGCTCTCCGCTAAGGTCCGAATGGCTT	AGAGGCGGAATTTGTGACTGGATGGAAG	CTCTAGCCCATTGCGAAGCGAATGGTTG	GCTAGCGCTGTTGGTAACAGGGTGAAAA	247	52		
F	YCL038C	1	CGCGGACAGGCCACCTAGTGAT	TTCTACAGCGGTTTTGTTCTCCAAGGCA	AGCGCTCAAACCGCCCAAGCTC	CAGCACCGCTGTCCTATTTAGCAAAGCT	298	53		
F	YCL038C	2	GCTCCCCCAGAGATCTACTATCCCTGAA	CGAACCATTTGTCGTTTCTGCGGTTTCA	AGAACCCCACAAGTCAACGATACCGCTG	TGAACCTTTCGTTGTCAGCGCTGTCAGC	268	48		
F	YCL037C	1	GTTAGCATTACTCGACGATGTCGACGAT	ATTGCCCACATCTTCCCCATGGAAACTT	ATTGGCGTTAGAGCTGCTGGTGCTGCTA	TCTACCAACCAGCAGCCCTTGGAAGTTG	271	59		
F	YCL036W	1	ACTAAGTAATGGGACGCTCTCTGTCAGA	AGACAGCCGCTGTGATCTTTTGGACCTG	GTTGTCTAACGGTACCTTGAGCGTTCGA	GCTCAATCGTTGGCTTCGCTTGCTTCGT	439	56		
F	YCL036W	2	CATGGTGGAAGCACATTCACGCTCGAAT	CTTAAGATCCCCGCTCACGTGATGACCA	AATGGTTGAAGCTCACAGCCGAAGCAAC	TTTCAAGTCACCAGAAACATGGTGGCCG	421	45		
F	YCL034W	1	CAGCGATGCTCTCGCGTCTGCT	TGAGGACTCGCTATCAATATACCTGCTG	TTCTGACGCCTTGGCTAGCGCC	GCTGCTTTCAGAGTCGATGTATCGAGAA	337	62		
F	YCL033C	1	ACACCTTGCACAACATATCTCCACCCTC	TGAAAGGCCCAACACCGGTGCGTATTTA	GCATCGAGCGCAGCAGATTTCAACTCGA	CGAACGACCAAATACTGGCGCTTACTTG	214	40		
F	YCL032W	1	ACCCAGTAGTGACGGTGTGTCTCTTTCA	GTTCGCTGTTGAAACGGCAGATGGG	CCCATCTTCTGATGGCGTTAGCTTGAGC	ATTAGCGGTGCTGACAGCGCTAGGA	208	57		
F	YCL030C	1	AGAATACACCAACCCTAGACAACGCTCA	CGGAGTTTCTTCTCTGTTCATTGCTAGC	GCTGTAAACTAGACCCAAGCATCGTTCG	TGGTGTCAGCAGCTTGTTTATCGCCTCT	292	54		
F	YCL030C	2	ATAAACGCCACGACCCAAATCGATGGCC	GTCCTTGCCAAGTGGTAAATTCAGCGAT	GTAGACACCTCGGCCTAGGTCAATAGCT	AAGCCTACCTTCTGGCAAGTTTTCTGAC	394	47		
F	YCL029C	1	AGCCTTTCTGTCTGATGACAGGATAGAG	ATCGATATCGCAAACCTCGAGAAGAACG	GGCTTTTCGATCGCTGCTCAAAATGCTA	TAGCATCAGCCAAACTAGCCGACGAACC	274	56		
F	YCL028W	1	AGCACTGGCTTCTATGGCAAGCTCTTTT	AGCCAAAGCTGAGAATGAACTGGAGTGG	TGCTTTGGCAAGCATGGCTTCTAGCTTC	TCATAGCTCTAGCTTTAGCGCCCTAGCA	373	58		
F	YCL027W	1	GGTGTCCATTTCAAATCCACCCATGTCA	AGAACCCCTCAAGAACCATCGAGATAGT	CGTTAGCATCAGCAACCCTCCAATGAGC	GCTGCCTCGTAGAAACCATCTGCTCAAA	499	54		
T	YCL027W	2	CGATCTAATCACGGCAAGACCCCATTCA	AGTAAGCGGCAATGGTTTAGAACGTGAC	TGACTTGATTACCGCTCGACCACACAGC	GGTCAATGGTAGAGGCTTGCTTCGGCTT	226	52		
F	YCL026C-B	1	AGACTCAGGGATTTTGCTTGGCAAAGCA	AAGGGATGAGGCCTTTGGTTCTGTAATC	GCTTTCTGGAATCTTAGAAGGTAGGGCG	TCGAGACGAAGCTTTCGGCAGCGTTATT	232	50		
F	YCL026C-A	1	CAAATTAGCCCCCAATCCCAATAGTTCG	TGCTGAAGCCAAGAAGAGACCAGAGTCT	TAGGTTGGCACCTAGACCTAGCAATTCC	CGCCGAAGCTAAAAAACGACCTGAAAGC	208	43		
F	YCL025C	1	GAAAAGCTGAGACAAACCAGAAATGGCC	CTCCTCCTTCTACTCCAGTGCTCGTTTA	AAACAATTGGCTTAGGCCGCTGATAGCT	TAGCAGCTTTTATAGCTCTGCCCGATTG	214	54		
F	YCL025C	2	ACCCAATTCTCCAAGAGATCTCCCTTGG	CGCCGTTATTCTACTTTCCGTGCTGTCC	GCCTAGTTCACCCAAGCTTCGACCTTGA	TGCTGTCATCTTGTTGAGCGTTTTGAGC	331	47		
F	YCL024W	1	TGACTCGAACAACCATACTAGCGCCTCT	AAAGGACGATCTCTTCCTGCTAGAAGAG	CGATAGCAATAATCACACCTCTGCTAGC	GAAGCTGCTTCGTTTTCGAGAGCTGCTA	355	64		
F	YCL024W	2	CAAACTGGACTCTGTAAGGGGATCGAAT	AGAACTATCGGTAGGATTCGAGGACAGT	TAAGTTGGATAGCGTTCGAGGTAGCAAC	GCTAGAGTCAGTTGGGTTGCTGCTCAAC	229	56		
F	YCL024W	3	GCTACTAAATGTTAGAGGGGGACTATCG	CGCATACAAAGATAAGACTGAGCGCCGA	CTTGTTGAACGTCCGAGGTGGTTTGAGC	AGCGTATAGGCTCAAAACGCTTCGTCGG	208	54		
F	YCL017C	1	ACCCGAGGATAATGCGATATCCCTTAGT	GGGAATAGGTGCCATCTATGTAAGAAGG	GCCGCTGCTCAAAGCAATGTCTCGCAAA	AGGTATCGGCGCTATTTACGTTCGACGA	343	47		
F	YCL016C	1	TAGCGCAGAACATGGTGAGTTCTCAAGT	GTCTGAAGTTGTACTGTGTTCGCACGAC	CAAAGCGCTGCAAGGGCTATTTTCCAAC	AAGCGAAGTCGTTTTGTGCAGCCATGAT	340	52		
F	YCL014W	1	AATATCGCAGAGGCATCCTAAGTCTCCA	TGATGACGAATTCGTCGCCTTCCCAATT	GATCAGCCAACGACACCCAAAAAGCCCT	GCTGCTGCTGTTGGTAGCTTTACCGATG	466	56		
F	YCL014W	2	CGAATCCGTCGATATATCTTCCAACTCG	CAACTGGCAACTACTAGCCAAATCTCCA	TGAAAGCGTTGACATCAGCAGCAATAGC	TAGTTGACAAGAAGAGGCTAGGTCACCG	223	52		
F	YCL014W	3	TAGCAAACTTTCCGGTGCATCCGATTTC	CACTCTTTGAACTGGTGAAGGCTTGCTC	CTCTAAGTTGAGCGGCGCTAGCGACTTT	AACTCGTTGGACAGGGCTTGGTTTAGAT	340	50		
F	YCL014W	4	ACTCTCTCCACAAGCGAGTAAAGTGCTG	CGAGTCATCTAGATGCGCCTTAGGCAAA	GTTGAGCCCTCAAGCTTCTAAGGTTTTG	GCTATCGTCCAAGTGAGCTTTTGGTAGG	496	48		
F	YCL014W	5	TCCGGCCATTGAGAATTTGAGTCCAAGT	TCCTGATGTAAAGAAGCGCTTCCCCAGA	CCCAGCTATCGAAAACCTATCTCCTTCT	ACCGCTGGTGAAAAATCGTTTACCCAAG	238	45		
F	YCL011C	1	GACAGAACCGAATCCTCTTGAAAATCCG	TGCCATATCGAAGTTTGATGGTGCCCTC	AACGCTGCCAAAACCTCGGCTGAAACCA	CGCTATCAGCAAATTCGACGGCGCTTTG	265	48		
F	YCL010C	1	TGCTAGGTTTGCCAAAGCCGTTGGCGAA	CTCAGAGGTTGCCTATAAGCCCAGAAGG	AGCCAAATTAGCTAGGGCGGTAGGGCTT	TAGCGAAGTCGCTTACAAACCACGACGA	388	48		
F	YCL009C	1	GGCAGAGATACGTGTGGGTTTTGCAGAC	GATGGCCAGAATCTCTCTATTGGGTACT	AGCGCTAATTCGGGTTGGTTTAGCGCTT	TATGGCTCGAATTAGCTTGCTAGGCACC	286	46		
F	YCL008C	1	CACATGCGAAGTTGAGCTAAACTGTTGG	GTCTCCACACCTAAAACCGCCATTGCCT	AACGTGGCTGGTGCTAGAGAATTGTTGA	AAGCCCTCATTTGAAGCCACCTCTACCA	373	52		
F	YCL005W	1	GTCGCTGAGCCGTTTAGTTGCACAAACA	ACTAGTGGAAGCACGTTCAAGGACCGTA	CAGCTTGTCTCGATTGGTCGCTCAAACC	AGAGGTGCTGGCTCGTTCCAAAACGGTT	232	45		
T	YCL004W	1	TCTACTTGATGGCCTTCGAGGAACAAGA	GGCTCCCGAAAGAATGACCTCGTTATCA	CTTGTTGGACGGTTTGAGAGGTACCCGA	AGCACCGCTCAAGATAACTTCATTGTCG	232	46		
F	YCL004W	2	TGGGTCAGAGAGAGTGGATTGCCGATTG	CACGGCAGTAATCGGGAGGCTTTGTTTA	CGGTAGCGAACGAGTTGACTGTAGACTA	AACAGCGGTGATTGGCAAAGATTGCTTG	430	45		
F	YCL002C	1	TGCATTGGTCGGTATTACCAGTCTACCT	TTCATCTCTGGTGAGGGAACAACTGTCT	AGCGTTAGTTGGGATAACCAATCGGCCC	CAGCAGCTTGGTTCGAGAACAATTGAGC	481	45		
F	YCL001W	1	TCACGCTAAGGAGAGGTGGGCTGTATTG	CGACAACAAGAGGGAAATGACAGTGGCT	ACATGCCAAAGAACGATGGGCCGTTCTA	GCTTAGTAGCAAGCTGATAACGGTAGCT	295	47		
F	YCR002C	1	GGCGTTGCTAGACATATGAGCTGAGGAA	CTTCAGGGGAAGAAAAACTCGTTGGAGC	AGCATTAGAGCTCATGTGGGCGCTGCTT	TTTTCGAGGTCGAAAGACCCGATGGTCT	217	50		
F	YCR003W	1	ACAACTGGGATCTATCCACCGTTGGTTG	ATGGCCGCATGATGGGCACTTATTCAAA	GCAATTGGGTAGCATTCATCGATGGCTA	GTGACCACAGCTAGGACATTTGTTTAGG	214	43		
F	YCR004C	1	CAATTCAAGTGGAGACGCAGTTCTTGAG	TGCGGGGATATTCGTTAGTACTTCCAGT	TAGTTCCAAAGGGCTAGCGGTTCGGCTA	CGCTGGTATCTTTGTCTCTACCAGCTCT	226	50		
F	YCR005C	1	GCCAGGTGCTACCTCGTATATTGATGAA	CTCAGCACTATCATCACCTTATCTGTCC	ACCTGGAGCAACTTCATAGATGCTGCTG	TAGCGCTTTGAGCAGCCCATACTTGAGC	322	57		
F	YCR008W	1	ATCATCTAGGCAGGGAAAGGCCTCATCG	AGAGTGCGATGGTGATGCCGACTGGTAA	AAGCAGCCGACAAGGTAAAGCTAGCAGC	GCTATGGCTAGGGCTAGCGCTTTGATAG	214	64		
F	YCR008W	2	CACAAACGTTCCATCGGCGTCTAAATCA	CCTCCCACAAATAGGTGCACTTGTATTG	TACCAATGTCCCTAGCGCTAGCAAGAGC	TCGACCGCAGATTGGAGCAGAGGTGTTA	418	50		
F	YCR009C	1	GCTCAATTCTTTTTCAGCCCTTGGCAGT	CTTGGACTCATTGAGAGCTGTGACAGCA	AGATAGTTCCTTTTCGGCTCGAGGCAAC	TCTAGATAGCCTACGAGCCGTTACCGCT	358	47		
F	YCR010C	1	AAACGTAAAGATGGCCCACCCCAACAAA	AGGTCTTTCAGCCTTCGCGTTGACG	GAAGGTGAAAATAGCCCAACCTAGTAGG	GGGCTTGAGCGCTTTTGCTCTAACC	319	46		
F	YCR011C	1	TAGTCCGCTAAACAGTAGTGAGCCCAAA	ATTCACAGGTCTCAGCTCGTTCGCTCTG	CAAACCAGAGAACAACAAGCTACCTAGC	CTTTACCGGCTTGTCTAGCTTTGCCTTG	340	58		
F	YCR011C	2	TGGCAAACGAATGGGAGACTTTGAGGAA	AGGGCCAGGAGATTTCAGCTGTGATTTA	AGGTAGTCGGATTGGGCTTTTGCTGCTG	GGGTCCTGGTGACTTTTCTTGCGACTTG	322	50		
F	YCR011C	3	GATATCTATAGACCCCTTAGCACCACAC	GCCCCTCTGTGGCGGTCTATCA	AATGTCGATGCTACCTTTGGCGCCGCAT	GCCATTGTGCGGTGGCTTGAGC	472	47		
F	YCR012W	1	CTTGGCTTCTCACTTGGGTAGACCAAAC	ATCAGCCAAAGAGCTCAATTCGTGTCTG	TCTAGCCAGCCATCTAGGCCGACCTAAT	GTCGGCTAGGCTAGATAGTTCATGTCGA	295	52		
F	YCR014C	1	AATGTCACCACACTTGGAATAGCCCCTA	CGGCATTGGGTCGGAAATTGCTAAACGC	GATATCGCCGCATTTGCTGTAACCTCGG	TGGTATCGGTAGCGAAATCGCCAAGCGA	271	41		
F	YCR014C	2	TGTCCAATCTGATACAAACTCCTCTGGG	GCGACTCTTACAGGGGGATAAAGGAAGA	GGTCCAGTCGCTAACGAATTCTTCAGGA	AAGATTGTTGCAAGGTGACAAGGGTCGA	439	39		
F	YCR015C	1	GACCTTATCAGAGCCTGTCAATAACCGA	ATCACTGCCGTTGTTATCTTCAGGCGTA	AACTTTGTCGCTACCGGTTAGCAATCGG	AAGCTTGCCACTATTGAGCAGCGGTGTT	442	52		
F	YCR016W	1	ATCCTCTACCAAAAAAGGGAAGCGTGTG	AACACCAGACTCTGATGGCTCGTCTTTG	GAGCAGCACTAAGAAGGGTAAACGAGTT	GACGCCGCTTTCGCTAGGTTCATCCTTA	241	48		
T	YCR017C	1	AAGTTCCCCAACTGGAGAGGGCAATAAA	CCTGCTATCACTAACAGCTAGGTTCGTG	CAATTCACCGACAGGGCTTGGTAGCAAG	TTTGTTGAGCTTGACCGCCCGATTTGTT	382	50		
F	YCR017C	2	GCTAGTTAGATCCCTGTTCCCCATGGTA	GATTGAGACGGTTCTTGCCTTTTCTTCC	AGAGGTCAAGTCTCGATTACCCATAGTG	AATCGAAACCGTCTTGGCTTTCAGCAGC	373	48		
F	YCR017C	3	GAATAACAACGAGCCAAAACCAACAGCC	GTTGATTTCTGTAGCTGTGGGAACTTCC	AAACAATAGGCTACCGAAGCCGACGGCT	ACTAATCAGCGTTGCCGTTGGTACCAGC	352	48		
F	YCR018C	1	TTTTCCATAGGCGAGTCCACAGGGACTA	AACTAGTCGGTCTGCCAGTATTACGAAG	CTTACCGTAAGCCAAACCGCATGGAGAG	TACCTCTCGAAGCGCTTCTATCACCAAA	202	47		
F	YCR019W	1	GCTATGTTCTGGGTCTAGATGCTTAGAC	AGAAACTGCAAAGCCGCCAAGGAACGAG	ATTGTGCAGCGGTAGCCGATGTTTGGAT	GCTGACAGCGAAACCACCCAAAAAGCTA	454	54		
F	YCR021C	1	GAATCCTCCTGTCAAAGATAGCCTTGGC	TTCCGCCTTGGATATGGTACATTCGCTG	AAAACCACCGGTTAGGCTCAATCGAGGT	CAGCGCTCTAGACATGGTTCACAGCTTG	409	50		
F	YCR023C	1	AGAAGACTGTGACTGCGAATTGTAGGCA	TTCGAGTCCCTTGAGTTGTAGATCAGTC	GCTGCTTTGGCTTTGGCTGTTATAAGCG	CAGCTCTCCACTATCTTGCCGAAGCGTT	268	63		
F	YCR023C	2	ACTACCCTGTCCATGAAGCTCATTTTCG	TGGCGCCACCATTAGTATTTCTGCCTCT	AGAGCCTTGACCGTGCAATTCGTTTTCA	CGGTGCTACTATCTCTATCAGCGCTAGC	202	47		
F	YCR024C	1	GTACGAGGATGCAGTTGGCGACGTATTG	ATCTAATGCTACCTGGCAAAGCACCCCT	ATAGCTGCTAGCGGTAGGGCTGGTGTTA	CAGCAACGCCACTTGGCAATCTACTCCA	352	49		
F	YCR026C	1	GCTGCTGCTGCTTCTTGATGATGGTGAT	CCTTTTGTGTGATATTTGCGGTGTGGCA	AGAAGAAGAAGATCGGCTGCTAGGGCTG	TTTGCTATGCGACATCTGTGGCGTTGCT	370	65		
F	YCR026C	2	GAGTGAAGGATGGAAACCGTCTAGTGAA	CGCGAAAGATAGTAGGGATGGTTCTAAC	CAAGCTTGGGTGAAAGCCATCCAAGCTG	TGCTAAGGACTCTCGAGACGGCAGCAAT	355	54		
F	YCR027C	1	AGCTAGTTTCTCTCCTTCAGCTTTCGTG	ATCGTTGACGGGCGTACGAGGCATAATA	GGCCAACTTTTCACCTTCGGCCTTGGTA	GAGCCTAACCGGTGTTAGAGGTATCATC	211	41		
F	YCR028C	1	TATGACGACCGAGACAATTCCGCTTGAT	CTTTTCTGCACAGTATCTTGGAGGCGTA	GATAACAACGCTAACGATACCAGAGCTG	TTTCAGCGCTCAATACTTGGGTGGTGTT	253	52		
F	YCR028C	2	AGATGCGAAACCCAAGTTCTCACCTCCC	TAGCGGTTTGGTGGGATCTATGTTCAGT	GCTAGCAAAGCCTAGATTTTCGCCACCC	CTCTGGCCTAGTTGGTAGCATGTTTTCT	373	49		
F	YCR030C	1	GGGTGGAGAACTTTGTTGTGGCGTTGAA	TCTTGCCTCTGCATCTTCCAGTCTCACT	TGGAGGGCTAGATTGTTGAGGGGTGCTT	ATTGGCTAGCGCTAGCAGCTCTTTGACC	460	55		
F	YCR030C	2	AGAGGAGTGCTGAAACAACGATTGACCA	TGCCTCTCCCAGTATTTCACTTCCTACT	GCTGCTATGTTGGAATAGGCTTTGGCCG	AGCTAGCCCATCTATCAGCTTGCCAACC	331	56		
F	YCR030C	3	TGATTGTGGCTGAAGTGGAGGTTGAGAA	GTCGTCCCACACCCTAAGATCTAAAGTG	GCTTTGAGGTTGCAAAGGTGGTTGGCTG	AAGCAGCCATACTTTGCGAAGCAAGGTT	448	52		
F	YCR032W	1	AGCGGGAAGGTCATTCAACGATTTGACC	AGAGCTCCAGGCCCTTTCAAGCGAACTA	GGCTGGTCGAAGCTTTAATGACCTAACT	GCTAGACCAAGCTCGTTCCAAGCTAGAG	361	56		
F	YCR032W	2	TCCAAATTCGTCCTGCAAGTGGTCATCG	CAAATCTCCAACTGGCTCCGACTCAAGA	CCCTAACAGCAGCTGTAAATGGAGCAGC	TAGGTCACCGACAGGTTCGCTTTCCAAG	232	54		
F	YCR032W	3	GCATTCGGTTTCAGGTAACCTTGAGAAC	GCTCCCTGCATGTTGAGATATTGCGACC	ACACAGCGTCAGCGGCAATTTGGAAAAT	AGAACCAGCGTGTTGGCTGATAGCAACT	211	50		
T	YCR032W	4	TGTGTCCATTGATTCTATACGGCTTGCG	GCCTGACGCCAGAGAACTTTGATCCTCA	CGTTAGCATCGACAGCATCCGATTGGCT	ACCGCTAGCCAAGCTAGATTGGTCTTCG	358	50		
F	YCR032W	5	TGATGGGATGAAACGGAGGCTTTTGCCT	AACCGTCATATCCCGTGATTCTTGCGAT	CGACGGTATGAAGCGACGATTGCTACCA	GACGGTCATGTCTCGGCTTTCTTGGCTA	403	41		
F	YCR032W	6	TACCAAACGACCCTTTCTACTTCGGGAT	GCTTGCCTTTCCTATTCCATTTCTTGCC	CACTAAGAGACCATTCTTGTTGCGAGAC	AGAAGCTTTACCGATACCGTTTCGAGCA	229	43		
F	YCR032W	7	TTACCGGGACCTATCGAAACCTATGGGC	TAAACGATCTGCAGGGCCAAAACTTCCG	CTATCGAGATTTGAGCAAGCCAATGGGT	CAATCGGTCAGCTGGACCGAAAGAACCA	232	41		
F	YCR033W	1	GAGCTCAGTCAGTAGGCCTTCGTCATCA	TGATAATGCCGAGGGAAAGTGGGTAACG	ATCTAGCGTTTCTCGACCAAGCAGCAGC	GCTCAAAGCGCTTGGGAAATGAGTGACA	247	65		
F	YCR033W	2	GTCTGTAACTCCCAGTACTGCATCTGTA	ATCCATTGATCGAGGTCTCCGAGAACTC	AAGCGTTACCCCATCTACCGCTAGCGTT	GTCCATGCTTCTTGGTCGTCGGCTAGAA	400	52		
F	YCR033W	3	CCCAGATGTGGAAAGATCCTCTTCAACC	CGTTCCAATGGATCTCCATTTGTTGCTC	TCCTGACGTTGAACGAAGCAGCAGCACT	GGTACCGATGCTTCGCCACTTATTAGAT	352	47		
F	YCR033W	4	ACTTATACATCAGCAGGCTACCGGACTT	CGAGGATGGATGCCGTAAGCTTTTTTCC	GTTGATCCACCAACAAGCCACTGGTTTG	GCTGCTAGGGTGTCGCAAAGACTTTTCT	274	47		
F	YCR034W	1	ACCATTAAGCACTTTGCCCCCTGTGCTA	GACCCAAGAAATAGATGTGGTGCCCATC	GCCTTTGTCTACCCTACCACCAGTTTTG	AACCCAGCTGATGCTGGTAGTACCCATT	418	47		
F	YCR035C	1	TGAAGGAGCAGCGAGGATGGAGATC	GAGTCGCACTGGTCCAGTCTTCGATTTG	GCTTGGGGCGGCCAAAATGCTAATG	ATCTCGAACCGGCCCTGTTTTTGACCTA	403	48		
F	YCR037C	1	GCTACTCACAGATGAGCTGCGTGATTCA	CAACATAGCTGCAGGAGAACCATCTTCA	AGAAGAAACGCTGCTAGATCGGCTTTCG	TAATATCGCCGCTGGTGAACCTAGCAGC	253	59		
F	YCR037C	2	ACCGCATGAGGCTAACAAGGCGCAA	GGCAGTTTCATCTTCAGGCTTGTTGGTA	GCCACAGCTAGCCAATAGAGCACAG	AGCTGTCAGCAGCAGCGGTCTACTAGTT	247	56		
F	YCR037C	3	TACGCAGACAAACGCTAACAACGAAGCA	GGGCACTTTTGTCTCACATACTGTGTCA	AACACAAACGAAAGCCAATAGGCTGGCT	TGGTACCTTCGTTAGCCACACCGTTAGC	268	48		
F	YCR038C	1	TGGATGTACGACGACTTTTAGGCGCTGA	CGCTCTAAACGTATCTCCATGGTCACTT	AGGGTGAACAACAACCTTCAATCGTTGG	TGCCTTGAATGTTAGCCCTTGGAGCTTG	361	47		
F	YCR038C	2	GGAAATGGTGTGCGTTTGCTGCAAAGTT	CGGTGCAACTGACCTCAGTGATTTACTT	GCTGATAGTATGGGTTTGTTGTAGGGTG	TGGCGCTACCGATTTGTCTGACTTGTTG	268	43		
F	YCR042C	1	ATGGATCCTTATAGTCATCGAGCCCGTG	GAGCACTTTTACCGGCAGTTCTAGGCCA	GTGAATTCGGATGGTCATGCTACCGGTA	TTCTACCTTCACTGGTTCTAGCCGACCT	487	50		
F	YCR042C	2	GTCCCCATCTTGTCTCAACTGAGAAGAA	CGATGGTACTCCGTATGAGCATATTGTG	ATCACCGTCTTGTCGTAGTTGGCTGCTG	TGACGGCACCCCATACGAACACATCGTT	376	43		
F	YCR042C	3	ACACACAATCACATCCCTCAAACTCGGA	CAGTTCTGCATCATATTGGGTCCCATGT	GCAAACGATAACGTCTCGTAGAGATGGG	TTCTAGCGCTAGCTACTGGGTTCCTTGC	391	48		
F	YCR042C	4	ATACGGGACGGATGACAAATGCACCATT	ACCAAGGGAGAGAAGACTTGTGGCGAAG	GTATGGAACGCTGCTTAGGTGAACCATA	CCCTCGAGAACGACGATTGGTTGCTAAA	331	45		
F	YCR044C	1	TGTGTACGACCAGTCAACATAGAGTCTC	AAGCTCGGTCTTTCACTGTCGTGATTTG	GGTATAGCTCCAATCGACGTACAATCGT	TTCTAGCGTTTTCCATTGCCGAGACCTA	211	49		
T	YCR045C	1	CCTCTTCAATCGAATCTCACCAAGAGGT	AGGCGTGGAAATTGAGTCGCTATCTCAT	TCGTTTTAGTCTGATTTCGCCCAATGGC	TGGTGTTGAAATCGAAAGCTTGAGCCAC	424	48		
F	YCR046C	1	GATCAGCGGCGAAAACAATGGCACTCTA	CCTCTCAGAAATAGAGTCTCTGGATCCC	AATCAATGGGCTGAATAGAGGAACTCGG	TTTGAGCGAAATCGAAAGCTTGGACCCA	256	48		
F	YCR047C	1	CCTGTGTCTTCTTTTCCTCCCGGTGAAC	GGGCTCGTTTGACGCGGCTATTAGTATC	TCGATGTCGTCGCTTTCGACCAGTAAAT	TGGTAGCTTCGATGCTGCCATCTCTATT	499	45		
F	YCR048W	1	AGGTCCGGTGCTGGAGAAACAGCTCAAA	CGACGCATAGTAATCTGTGCAGCACCTG	GGGCCCAGTTTTGGAAAAGCAATTGAAG	GCTAGCGTAATAGTCGGTACAACATCGA	217	43		
F	YCR048W	2	GTCGCGCATCAGATGGAGGTATGTGTTG	CGCCACGCAATTCAATAAAGCGTCCCAT	CAGCCGAATTCGATGGCGATACGTTCTA	AGCAACACAGTTTAGCAAGGCATCCCAG	262	41		
F	YCR051W	1	CTCGTTCGTCGAGAACGGTGAAGATGGT	TCTCTTGGAATCTGGTTCGTCCCCGGAA	TAGCTTTGTTGAAAATGGCGAAGACGGC	TCGTTTGCTGTCAGGTTCATCACCGCTG	340	39		
F	YCR052W	1	AAGAAGGAGGCTGGATACGTCCATCAAT	AAGGCTCAATGACGAATCGCGTTTCCTC	CCGACGACGATTGGACACCAGCATTAAC	CAAAGATAGGCTGCTGTCTCGCTTTCGT	310	57		
F	YCR053W	1	TTTCCGTTCTGATGAAGTCACCCCCTTG	AGTACCGGTAACAGACAAAGTCTGGACG	CTTTCGAAGCGACGAAGTTACTCCACTA	GGTGCCAGTGACGCTTAGGGTTTGAACA	370	45		
F	YCR053W	2	CACTGGTTCTGCAGCCATCTACGGTTTA	AACAGCACCGACGTTGTGTTTAGAGTTG	TACCGGCAGCGCTGCTATTTATGGCTTG	GACGGCGCCAACATTATGCTTGCTATTA	229	43		
F	YCR054C	1	GTCTTTCTGGGGTGTATCATTATCCCTG	GCCAGCGTCGTTAAATGAGAATAGCTCA	ATCCTTTTGTGGGGTGTCGTTGTCTCGA	ACCTGCTAGCTTGAACGAAAACTCTAGC	427	48		
F	YCR057C	1	CGATGATGAGAACATGACCTGACCCCTT	TGGTTCCAGCAAACTGGGCCAATTACTA	GCTGCTGCTAAACATAACTTGGCCTCGC	CGGCAGCTCTAAGTTGGGTCAATTGTTG	262	52		
F	YCR057C	2	TATCGACCTCATAGCCGTCGAGAAGAGA	TGTGGACGTCACCCCCCATTCTACTGTA	GATGCTTCGCATGGCGGTGCTAAACAAG	CGTTGATGTTACTCCACACAGCACCGTT	319	49		
F	YCR057C	3	CACTACACGTGAACCATCCGGAGAGTAT	GCTTTTAGCTGTCGGATTTACTAGTGGG	AACAACTCGGCTGCCGTCTGGGCTATAA	ATTGTTGGCCGTTGGTTTCACCTCTGGT	265	47		
F	YCR059C	1	ATATGTTGCCGCAGAGCCATCCTGC	CTCTGTTTTCCACCGCGGATCTGTCTGT	GTAGGTAGCAGCGCTACCGTCTTGT	TAGCGTCTTTCATCGAGGTAGCGTTTGC	316	47		
F	YCR061W	1	TGGCACCACTTCTGTGCTACTTCTCGTT	TGAAGAGAGCGAGAACAACGTGTCTCTG	CGGTACTACCAGCGTTTTGTTGTTGGTC	GCTGCTCAAGCTAAATAGGGTATCTCGA	214	59		
F	YCR061W	2	CCTTCCTATACTGCAATCGCCCTCGCTT	CGATGCTAATGAGACGGGGACAGAAAGC	TTTGCCAATCTTGCAAAGCCCAAGCTTG	GCTAGCCAAGCTAACTGGAACGCTCAAA	388	58		
F	YCR065W	1	CTCACCGGATCACTCGTCCCCA	ACCCTTACCATCGCAGGACTTTTCAGTC	GAGCCCAGACCATAGCAGCCCT	GCCTTTGCCGTCACAGCTTTTTTCGGTT	355	48		
F	YCR065W	2	TTCTCTACTCGACCCACTTCCGTATTCC	GCTTATCAACCGCGATGGGGTTTTCTCT	CAGCTTGTTGGATCCTTTGCCATACAGC	AGAGATTAGTCGGCTAGGAGTCTTTTCC	205	56		
F	YCR066W	1	ACCACTGAGTTCCAAACCATCCAAAAGG	TGAGGTCTCACCACATGAGCTTTTGTCG	GCCTTTGTCTAGCAAGCCTAGCAAGCGA	GCTAGTTTCGCCGCAGCTAGACTTATCA	295	54		
F	YCR067C	1	AATAGAGTCCTGGGATGCTGATGTTGAC	TTCGCTATCACACATGCCGTCTTCATCT	GATGCTATCTTGGCTAGCGCTGGTGCTT	AAGCTTGAGCCATATGCCAAGCAGCAGC	490	66		
T	YCR067C	2	TGTGCTTGACGCGCTCTCCACGGATAAA	GGAGACGGCAACTAGCTCATTCTCAAAA	GGTAGAGCTAGCAGATTCAACGCTCAAG	TGAAACCGCTACCTCTAGCTTTAGCAAG	388	59		
F	YCR067C	3	CGTGGATGCCGGTTTTGAGTTGTCTAGA	ACCATCGCTTCCACTGAATTCAGAGTCG	GGTGCTAGCTGGCTTGCTATTATCCAAG	GCCTAGCTTGCCTTTGAACAGCGAAAGC	367	56		
F	YCR068W	1	ATGCAACGGAGCTAGTTCAAGTTGCTCA	CCTCGATGAGGATTCCCAGTCTCTGCTT	CTGTAATGGTGCCTCTAGCTCTTGTAGC	TCGGCTGCTGCTTTCCCAATCTCGAGAA	259	57		
F	YCR068W	2	CCCTGGAGAGCTACTACCTTCAAAAAGA	ATTGCGGCCTACACAGGTAGATGAAGAG	CCCAGGTGAATTGTTGCCAAGCAAGCGA	GTTTCGACCAACGCAAGTGCTGCTGCTA	469	52		
F	YCR069W	1	TCCCGTTTCGAAGTCGATGAAAGAGGCG	GAATTCCGAGGTGTTAGAATCAGGTCCA	CCCAGTCAGCAAAAGCATGAAGGAAGCT	AAATTCGCTAGTATTGCTGTCTGGACCG	340	46		
F	YCR072C	1	ACATGACACCAGTAGTCGGCAGTCCGAT	TTTGAAGTCGCATGCGCACTGGGTTAAT	GCAGCTAACCAACAATCTACAATCGCTG	CCTAAAAAGCCACGCTCATTGGGTCAAC	442	49		
F	YCR072C	2	TGAGACAATATACCTACCATCAGGGCTG	CCAAGGTCTATTGTATAGTGGCTCTCAC	GCTAACGATGTATCGGCCGTCTGGAGAA	TCAAGGCTTGCTATACTCTGGTAGCCAT	394	52		
F	YCR073C	1	CACGCCAGATTGGTGCAAATATGCCAAA	CCTACTATCGCTAGCATCCTCATTATCG	AACACCGCTTTGATGTAGGTAAGCTAGG	TTTGTTGAGCTTGGCTAGCAGCTTGAGC	406	59		
F	YCR073C	2	TAGTACAACTAGTGCACCCAATGAGCTC	CATTCTAGTATCGAAAGGGGAGGATTCC	CAAAACGACCAAAGCGCCTAGGCTAGAT	TATCTTGGTTAGCAAGGGTGAAGACAGC	208	56		
F	YCR073C	3	ATAGACGGGGAACGCCAGTAGTGATCTT	CCGTTTCTCACCGATAAGTAGTTCGGAT	GTAAACTGGAAAAGCCAACAAGCTTCGC	TCGATTTAGCCCAATCTCTTCTAGCGAC	268	52		
F	YCR073C	4	CAAACACCTTTCCAAGAAGGCTCTTCCC	TTCAGGCTCGGCAGTTAAGGGAAAACTT	TAGGCATCGTTCTAGAAAAGCTCGACCA	CAGCGGTAGCGCTGTCAAAGGTAAGTTG	211	49		
F	YCR073W-A	1	AGAGGCCTCTTGCAAAAGCACAGCATCT	GAAGAGTGATGCGATATGACCATCGGGG	AGAAGCTAGCTGTAAGTCTACCGCTAGC	AAACAAGCTAGCAATGTGGCCGTCTGGA	466	50		
F	YCR075C	1	TGACGCCAGATCATGGCCTCGAGAT	CGCATCACTGGCCATTTTTTCACTGCTA	GCTAGCCAAGTCGTGACCTCTGCTT	GGCTAGCTTGGCTATCTTCAGCTTGTTG	397	51		
F	YCR076C	1	GCTACTTGGATTCCCCAGAGGATTGGGA	GGGTTCAACATCGTTTCTCTCTGAGCTA	AGAAGAAGGGTTACCCAATGGGTTTGGC	AGGCAGCACCAGCTTCTTGAGCGAATTG	445	55		
F	YCR077C	1	AGAGGAGGACCCTGAAGAGGCC	TAGGGCGTATTTGGAACATTCTGGACAC	GCTGCTGCTACCGCTGCTAGCT	CCGAGCTTACCTAGAACACAGCGGTCAT	337	60		
F	YCR077C	2	ACCCGACGCAGGCTGCATTGGA	TTTTGGAAATCCTCACAGCAGCGGCAGC	GCCGCTAGCTGGTTGCATAGGG	CTTCGGTAACCCACATTCTTCTGGTTCT	400	49		
F	YCR079W	1	CTCGTGGATCATATCGCACTCTGGATTG	CGACCTTTCAGATCGCGGCAAATGCAAG	TAGCTGGATTATCAGCCATAGCGGTCTA	GCTTCGTTCGCTTCTTGGTAGGTGTAGA	328	57		
F	YCR081W	1	GCATGAATTGAGTTCGTCTCACACTTCG	TAGCAGGTGCATGGAAATGGCATCATCT	ACACGAACTATCTAGCAGCCATACCAGC	CAACAAATGCATGCTGATAGCGTCGTCA	226	50		
F	YCR081W	2	TTTTTCGGCCCAAAAGAGGGTGGTATCA	GCTCAGAGGAGTTTTCGACAGTTGCAAA	CTTCAGCGCTCAAAAACGAGTTGTTAGC	AGACAATGGGGTCTTGCTCAATTGTAGG	364	50		
F	YCR081W	3	GACATTACACGGGCCTGGTTTTCAGTTG	CCCAGCAGCATTTGACCTCTTCTTTTTG	CACCTTGCATGGTCCAGGCTTCCAACTA	ACCGGCGGCGTTGCTTCGTTTTTTCTTA	268	43		
T	YCR081W	4	CCAACGCATCATCGCTGATTTATCAGCT	AACGAAAGAGGACACTTGGAATGGTGGT	TCAACGAATTATTGCCGACTTGAGCGCC	GACAAAGCTGCTAACTTGAAAAGGAGGC	250	41		
F	YCR084C	1	GGATGATGGGGAAGACGAAGTGTTCAGG	TTCTCTGGTGGCCCGTCTATCTGACGAT	GCTGCTAGGGCTGCTGCTGGTATTCAAA	CAGCTTGGTTGCTCGATTGAGCGATGAC	202	59		
F	YCR084C	2	GGAATCTAGATCCAAAAGGAAAGGTGGG	TGGTTCGCCATCGGCCTTCCCA	GCTGTCCAAGTCTAGCAAAAATGGAGGA	CGGCAGCCCTAGCGCTTTTCCT	478	53		
F	YCR088W	1	CGCCCCAAGCTTACCTTCTAGAAACTCG	ATTGCTGGGGAAGAGACCTTTTGAGCCG	TGCTCCTTCTTTGCCAAGCCGAAATAGC	GTTAGATGGAAACAAGCCCTTGCTACCA	343	56		
F	YCR088W	2	TTCTGCGCCATTGAAGACAAGGGCC	CTTAGAAACTGGAGCAGGGCTCTTGGAA	CAGCGCTCCTCTAAAAACCCGAGCT	TTTGCTGACAGGGGCTGGAGATTTGCTT	259	53		
F	YCR089W	1	GTCAAGTTCCTCTTTAGCCTCCACCAAA	AGAAGAAGGTAAAGAGTACCCCGAAGAG	CAGCTCTAGCAGCTTGGCTAGCACTAAG	GCTGCTTGGCAAGCTATAACCGCTGCTA	265	66		
F	YCR089W	2	CTCTGTCCCGTTATTACCATCATCTAGC	AATAGACGACGAGACTGGCGATAACGAC	TAGCGTTCCATTGTTGCCTAGCAGCTCT	GATGCTGCTGCTAACAGGGCTCAAGCTT	208	68		
F	YCR089W	3	CTCTACCGTTACATTTGGATCGACCAGC	CGTAGAGCTAGAGGTTGATAAAAGGGGG	TAGCACTGTCACCTTCGGTAGCACTTCT	GGTGCTAGAGCTAGTGCTCAACAATGGA	439	63		
F	YCR089W	4	CATAGCGTCTTCTCTACCATTGTCCTCT	CGAGTAACCATCACAGCTGCTAGATGTG	TATCGCTAGCAGCTTGCCTCTAAGCAGC	GCTATAGCCGTCGCAAGAAGAGCTGGTA	364	66		
F	YCR089W	5	TTCATCCTCTTATTCGTATGTGCAGCCC	AGAAAGGGTGGACGAGGCTTTCTCCGAT	CAGCAGCAGCTACAGCTACGTTCAACCA	GCTCAAAGTGCTGCTAGCCTTTTCGCTG	226	63		
F	YCR091W	1	TTCGTTGTCCGCAAGCCCAAGCTCA	CGGAGAAGAGCTACCTGAGATCTCATTA	CAGCCTAAGCGCTTCTCCTTCTAGC	TGGGCTGCTAGAGCCGCTAATTTCGTTT	355	70		
F	YCR091W	2	CGAGGCAAAAAGGCTTGGTTCCAAATCA	ACTTCTATGTGAGCTGTTATGCCTTGGC	TGAAGCTAAGCGATTGGGCAGCAAGAGC	AGATCGGTGGCTAGAATTGTGTCGAGGT	388	56		
F	YCR092C	1	GTTGCATGATGTGGCTGCTAACGACAAA	TCAAAGGGAAAGCGAATCAGTACGGTCA	ATTACAGCTGGTAGCAGCCAAGCTTAGG	CCAACGAGAATCTGAAAGCGTTCGAAGC	379	52		
F	YCR092C	2	CTTAGAAACTAAGCGTATGAGAGACGGC	GAAGCATGATCCAGGTGCCAGCAAATCA	TTTGCTGACCAATCGGATCAAGCTTGGG	AAAACACGACCCTGGCGCTTCTAAGAGC	469	52		
F	YCR092C	3	CGGGAAAGAACAGTACGCAAACTGCCTA	TCCACTCAAAGGCAGTGTTTCTTCCAAG	TGGAAAGCTGCAATAAGCGAATTGTCGG	CCCTTTGAAGGGTTCTGTCAGCAGCAAA	427	50		
F	YCR093W	1	TCTTTCTTCTTCACCTGCAGAGGAGCTT	CGACTGGGATGGCTGATTCAAACGGCTT	CTTGAGCAGCAGCCCAGCTGAAGAATTG	GCTTTGGCTAGGTTGGTTTAGTCGAGAC	484	61		
F	YCR093W	2	CATTATAGAGTCACTTGACCGCTCCTCT	AGACCCAGGTGAAAGTATTTCGGACAGT	TATCATCGAAAGCTTGGATCGAAGCAGC	GCTACCTGGGCTCAAGATTTCGCTCAAC	208	56		
F	YCR093W	3	CATCGCTATTGATGCTCTAGGATCGCTA	CAGCTCCTGCCTAGTGCTGGAATCAGAT	TATTGCCATCGACGCCTTGGGTAGCTTG	CAATTCTTGTCGGGTAGAGCTGTCGCTG	259	54		
F	YCR093W	4	TAGCCTTTTTGCCACTAGTGAGAGTCCT	ATCTTCCGAAGAGGCCAAGTGTTCTAAG	CTCTTTGTTCGCTACCTCTGAATCTCCA	GTCTTCGCTGCTAGCTAGATGTTCCAAA	349	50		
F	YCR093W	5	AAGGTTAAGAGATAGCGACTTGCCAAGG	CAAAGCCGGAACATCTCTCAAGAGGTCC	ACGATTGCGAGACTCTGATCTACCTCGA	TAGGGCTGGGACGTCTCGTAGCAAATCT	325	48		
T	YCR093W	6	ATTTGGCGGCGAGGGTTCAATTTCACAC	TGCAGCCGTCTTCAACTTAGACTCATCA	TTTCGGTGGTGAAGGCAGCATCAGCCAT	AGCGGCGGTTTTTAGTTTGCTTTCGTCG	241	48		
F	YCR094W	1	ACTGTCTCCTCAAAGTGTGCTTCCGTTG	GGAATTAGCGATCAACCCACAGGGATAT	CTTGAGCCCACAATCTGTTTTGCCACTA	GCTGTTGGCAATTAGACCGCATGGGTAG	472	47		
F	YCR095C	1	CGAATGCGTCCTATTATTCTCAAGGGGC	GGCAGTTCCGGTAAAAAGCTCTTCTGTA	GCTGTGGGTTCGGTTGTTTTCCAATGGT	TGCTGTCCCAGTTAAGTCTAGCAGCGTT	481	54		
F	YCR098C	1	ACCACCGAAGGCTAGTGGCAAATTTGTC	GTCGACTAGAGTTTCCAACGCAGCCCTA	GCCGCCAAAAGCCAAAGGTAGGTTGGTA	TAGCACCCGAGTCAGCAATGCTGCTTTG	334	47		
F	YCR098C	2	CTTACCAGTCCAGCCATTGGATACCAAA	TATTAGTAGTGAAGCGTCAGCAACCGCT	TTTGCCGGTCCAACCGTTGCTAACTAGG	CATCTCTTCTGAAGCTAGCGCTACTGCC	274	43		