ORF Amp#	5'-3' forward Wild Type	5'-3' reverse Wild Type	5'-3' forward Synthetic	5'-3' reverse Synthetic	Size	%Diff	WT Tm	Syn Tm	megachunk	Ordered
YFL055W.2	CTATTCTGGAACGGAATCAGTTGCCTTG	GGTTCTGCTCCCTATATAAAGTGACCCA	TTACAGCGGTACCGAAAGCGTCGCTCTA	AGTTCGAGAACCGATGTACAAGCTACCG	310	0	58	60	A	
YFL055W.1	GTTTGACGACCCAAACCTCTCTGCTTCT	AGAGTACGCATTTGCAGCTCCAACGCTC	ATTCGATGATCCTAATTTGAGCGCCAGC	GCTATAAGCGTTAGCGGCACCGACAGAA	316	0	60	59	A	
YFL054C.1	TGACGAAGTAGGCACAGATTTCTTGCTG	ACTTGTGGGTTGTTTGATGGCGCTATTG	GCTGCTGGTTGGAACGCTCTTTTTAGAA	CTTGGTTGGCTGCCTAATGGCTTTGCTA	460	0	58	58	A	
YFL054C.2	GGATGCGTAGCTTTCATCGCCTAATGAA	ATCATCGAGACGAGGGTCGACCGATATT	GCTAGCATAAGATTCGTCACCCAAGCTG	TAGCAGCCGAAGAGGTAGCACTGACATC	283	0	58	60	A	
YFL053W.2	TTCTTTAGTCGGGCGTCGAGGTCTC	GAGAAGAAGAGGAAGCATCTGGGAAACG	CAGCTTGGTTGGTCGAAGAGGCTTG	CAACAACAATGGCAACATTTGGCTGACC	304	0	59	58	A	
YFL053W.1	TAAGTCTTCTCCGCTGCCATCGATTTCT	CCTCAATGTCTTTAAAGAGGGGGCGGTG	CAAAAGCAGCCCATTGCCTAGCATCAGC	TCGTAGGGTTTTCAAGCTTGGAGCAGTT	430	0	59	59	A	
YFL052W.1	ATCTCTTTCTGCCGCCACGCTTAGCGAT	CGAAGTTCTTGAGTTGGACATCTGTGCG	TAGCTTGAGCGCTGCTACCTTGTCTGAC	GCTGGTTCGGCTATTGCTCATTTGAGCA	205	0	60	60	A	
YFL050C.1	GCTAACTAGCGAAGCCTTACGAGCG	GCTTTTAAGTTCTAATGCGAGGCCATCC	AGAGACCAAGCTGGCTTTTCGGGCA	TTTGTTGTCTAGCAACGCTCGACCTAGC	223	0	58	59	A	
YFL049W.1	AACTGCCAGGTCAGCCTTTGTTGAATTC	GCTTTGACCAGGAACAATTGCCGAAATG	CACCGCTCGAAGCGCTTTCGTCGAATTT	AGATTGGCCTGGGACGATAGCGCTGATA	364	0	58	60	A	
YFL049W.2	GCTAGAAAGGTTGAAACAGCTGACACCG	AACACTCGTTTGCGCCAACACATCTTTC	GTTGGAACGACTAAAGCAATTGACCCCA	GACAGAGGTTTGAGCTAGAACGTCCTTT	226	0	58	58	A	
YFL048C.1	TAGTTGACCACGAAGTGTTGGGCCCAAT	AAGCTCAGACTACTCGCTCCCTGATCTC	CAATTGGCCTCGCAAGGTAGGACCTAGA	GTCTAGCGATTATAGCTTGCCAGACTTG	358	0	60	59	A	
YFL047W.2	TTCGAGGGCCCTGAGGGGAATTCTA	AAATCTGTGATCCTTTTCCCTGGCCACA	CAGCCGAGCTTTGCGAGGTATCTTG	GAATCGATGGTCTTTTTCTCGAGCAACG	352	0	58	58	A	
YFL047W.1	ACTTTCTACGTCCAAGTTGGAGCCAAGC	GTGTGGTTTGCTTAGAGAGGACAGAGTA	CTTGAGCACCAGCAAACTAGAACCTTCT	ATGAGGCTTAGACAAGCTGCTCAAGGTG	265	0	58	58	B	
YFL046W.1	CGGGGTTAATCATGTTTCACAGGATCTG	GGACAGATCAAGTTTGAAACCGGCGTTT	TGGTGTCAACCACGTCAGCCAAGACTTG	GCTCAAGTCCAACTTAAAGCCAGCATTG	235	0	58	59	B	
YFL045C.1	GACGGTGTCATCAGGGGATTGTACTGAA	GACTTTCTCCATTGGTGGCCAAATCTCT	AACAGTATCGTCTGGGCTTTGAACGCTG	AACCTTTAGCATCGGCGGTCAAATTAGC	205	0	58	58	B	
YFL044C.1	CAAATTTGAGGCCAGTTGCAAAGCTGCT	CCTATCAGTACATCCTGTTCTCGACGAC	TAGGTTGCTAGCCAATTGTAGGGCAGCG	TTTGAGCGTTCACCCAGTCTTGGATGAT	445	0	58	59	B	
YFL042C.2	CAAAGTCATGGAAGATCCGTCAATGCTC	CAATAGTACGAGTTCCTCGCCGGATAAA	TAGGGTCATGCTGCTACCATCGATAGAG	AAACTCTACCTCTAGCAGCCCAGACAAG	304	0	58	59	B	
YFL042C.1	CAGTAGTCTGTCATCTTTAGGAACGGAC	TTCTTCGACGTCCTCGTTCTTCAGTGGA	CAACAATCGATCGTCCTTTGGGACGCTT	CAGCAGCACCAGCAGCTTTTTTTCTGGT	394	0	58	59	B	
YFL041W.2	TGGTCTTTTCCAGAATACGAGTTTGGGG	CCTGAAGAGATACGTTTCACCGGGTGTA	CGGCTTGTTTCAAAACACCTCTCTAGGA	TCGAAACAAGTAGGTTTCGCCTGGGGTG	400	0	58	59	B	
YFL041W.1	GTTGCTTACCTCAGGAAAGCTTGCGTCA	GGGTGCCTCAATAAAGACCGAAGCCAAA	CCTATTGACTAGCGGTAAATTGGCTAGC	TGGAGCTTCGATGAAAACGCTGGCTAGG	415	0	59	59	B	
YFL040W.1	CCTTGAGGTGCCGTCATTGGCAACTTTT	GCTAGCCATCCAGAACAGTAATCCAGGA	TTTGGAAGTTCCAAGCCTAGCTACCTTC	AGAGGCCATCCAAAACAACAAACCTGGG	493	0	59	58	B	
YFL040W.2	TAGTGGGTTGCTCATTACAATCGGCGCA	AGAATTTGAGTCCGGCGTTTTGATACCC	CTCTGGTCTATTGATCACCATTGGTGCT	GCTGTTGCTATCTGGGGTCTTAATGCCT	490	0	58	58	B	
YFL039C.1	AACAGAAGGATGGAACAAAGCTTCTGGG	CGTTTTGTCCTTGTACTCTTCCGGTAGA	GACGCTTGGGTGAAATAGGGCTTCAGGA	TGTCCTAAGCCTATATAGCAGCGGCCGA	385	0	58	60	B	
YFL038C.1	GTTGGTGGAGTCCAAAGCACTAGTCTCT	CACTTCATCTTACTACCGTGGTTCGCAT	ATTAGTGCTATCTAGGGCAGAGGTTTCC	TACCAGCAGCTATTATCGAGGCAGCCAC	253	0	58	59	B	
YFL037W.1	CTCTCCGAAGACTTCTGACACCGTTGTC	AGTTGTCACACCAGACATGACGCTCGAG	AAGCCCAAAAACCAGCGATACTGTCGTT	GGTGGTAACGCCGCTCATAACAGAGCTA	202	0	60	59	B	
YFL036W.1	CCCTTTCAATAAATCGCATGCCTCAGCA	CAAAAGCATCGAGCTTGTCGTTGAATGG	TCCATTTAACAAGAGCCACGCTAGCGCT	TAGCAACATGCTAGAGGTGGTGCTGTGA	358	0	58	59	B	
YFL036W.2	TCAGAGTATTAGGGCCAGAATCGGTTCG	GACAGAGGCAATCAATCTTTCACCGTTC	ACAATCTATCCGAGCTCGAATTGGCAGC	AACGCTAGCGATTAGTCGTTCGCCATTT	226	0	58	58	B	
YFL036W.4	CCACAATGGTTCCAAATTGGGTGTCTTG	GGCTCTCAAAATGGAAGGGTCGGAGTTC	TCATAACGGCAGCAAGCTAGGCGTTCTA	AGCTCGTAGGATGCTTGGATCGCTATTT	424	0	59	58	B	
YFL036W.3	CGACTTTATGTCATCCGTCATATGGACG	ATGTGAAGCATCCAGCGAATGGATGAAG	AGATTTCATGAGCAGCGTTATCTGGACC	GTGGCTGGCGTCCAAGCTGTGAATAAAA	202	0	58	58	B	
YFL034C-B.1	ACTAGCTGGCAGTGAAACCTGTCTATTG	CCCCCACAGCAGCAATTCCAGATTATCG	AGAGGCAGGCAAGCTGACTTGTCGGTTA	TCCACATTCTTCTAACAGCCGATTGAGC	433	0	59	59	B	
YFL034W.1	AAGCCCCGAACATGATTGCGGCTTGAGT	AGAGTCGGAGTCTGAATTGCTCCTGGAC	CTCTCCAGAACACGACTGTGGTCTATCT	GCTATCGCTATCGCTGTTAGATCGGCTT	307	0	60	59	B	
YFL034W.2	TTTTCCCTCATCACAGTCAGTGTGCAGT	AGACGTCTCAGAGGCTTGTTCTGAGTTT	CTTCCCAAGCAGCCAAAGCGTTTGTTCT	GCTGGTTTCGCTAGCTTGTTCGCTATTT	277	0	58	58	B	
YFL034W.3	GCAATCCTCCACCTATGATTCGAGGTCA	ACTTAGTCCAAGGACCAAAGAACCACCT	ACAAAGCAGCACTTACGACAGCCGAAGC	AGACAAACCCAAAACTAGGCTGCCGCCA	253	0	58	60	B	
YFL033C.5	AGCACCAAGTTTTGGAAGCTTCAAGGCT	CTCTTTAAGAAACAGGAGGCGTAGTGGC	GGCGCCCAACTTAGGCAATTTTAGAGCG	TAGCTTGCGAAATCGACGACGATCTGGT	244	0	58	60	B	
YFL033C.4	GCTTTCCTCTGCCGAGAGATCACTGGAA	GTCAACTCCAGGGAGTAACGCTTCAAAC	AGATTCTTCAGCGCTCAAGTCAGAGCTG	TAGCACCCCTGGTTCTAATGCCAGCAAT	382	0	60	59	B	
YFL033C.1	ACCCTTCCTTGATAATGTTGACGAGTCG	GTCACTAATGGGGTCATCCTCAGACGGA	GCCTTTTCGACTCAAGGTGCTGCTATCA	TAGCTTGATGGGTAGCAGCAGCGATGGT	229	0	59	60	B	
YFL033C.3	CGAAGGTGCTGGCGAAAGGGAAATG	TGGGAAGGACAGATCACACGGAAGTTCG	GCTTGGAGCAGGGCTCAAGCTGATA	AGGTAAAGATCGAAGCCATGGTTCTAGC	277	0	60	58	B	
YFL033C.2	CGAAGAGGAAGAAGGTCTTTCCGAGTTA	TTCTCCTTTGCCCCGTAGTTGTAGCAAC	GCTGCTGCTGCTTGGTCGTTCGCTATTA	AAGCCCACTACCACGATCTTGCTCTAAT	253	0	58	59	C	
YFL031W.1	GAGAAACAGAAGAGCTGCTCACCAGAGC	GAACGTATCAGACGACGAGTGCGAACTG	ACGAAATCGACGAGCCGCCCATCAATCT	AAAGGTGTCGCTGCTGCTATGGCTAGAA	253	0	60	60	C	
YFL030W.1	CTTCAAATCCGCTGCTGCCTCGAAGTCT	ACTGCATAGCGAGATAGAAAGACCCGCT	TTTTAAGAGCGCCGCCGCTAGCAAAAGC	AGAACACAAGCTAATGCTCAAGCCAGCA	496	0	60	59	C	
YFL029C.1	CACGTCCACGCCACCATCATAGCATTTT	ACCTCTTCTAGAGTCTAAGGCTACCGAT	AACATCAACACCGCCGTCGTAACACTTA	GCCATTGTTGGAAAGCAAAGCCACTGAC	496	0	58	58	C	
YFL028C.1	GAGATCCACAGTGACCTCATCAAGTAGT	AAGCGGTAAGCATCTTTGCCTTGATGGA	CAAGTCAACGGTAACTTCGTCCAACAAC	GTCTGGCAAACACTTGTGTTTGGACGGT	376	0	58	58	C	
YFL027C.1	ACTCAACGACCTTGTAGTCCGTAATTGG	TACTGCCAGCAAGAAGGCTTTGAAACGG	AGATAGGCTTCGGGTGGTTCGCAATTGA	CACCGCTTCTAAAAAAGCCCTAAAGCGA	310	0	58	58	C	
YFL026W.1	TAGGTTTTATCCAGGCACGCTGTCTAGC	TGAACTCGTAGGTGTGGGCAACTGATAA	CCGATTCTACCCTGGTACCTTGAGCTCT	GCTAGAGGTTGGGGTTGGTAGTTGGTAG	208	0	58	60	C	
YFL025C.3	AAACGCGACTGGAAAAGATGCTAGTGCT	TCAGGGGTTTCTTTTGGCATTACTGCGC	GAAAGCAACAGGGAAGCTAGCCAAAGCC	CCAAGGTTTCTTGCTAGCTTTGTTGCGA	487	0	58	59	C	
YFL025C.2	GGAAGCAATACCTTCGTTGCTTGCCTCA	TACAGAGTCCAGGGTGAATCTAAGCTGT	GCTGGCGATGCCTTCATTAGAAGCTTCG	CACCGAAAGCCGAGTTAACTTGTCTTGC	436	0	58	60	C	
YFL025C.1	GAACTGAGTATCTTTTGAAGACCTGGGC	AAGAGAGGTACTAGCGCGCCTTTTATTG	AAATTGGGTGTCCTTGCTGCTTCGTGGA	GCGAGAAGTTTTGGCTCGATTGTTGCTA	445	0	58	58	C	
YFL024C.1	TGAAGAAGAGGATGCATTCGCGAGTTGC	AAACAGTCAGCGTTTAAGGGCGTTGCAT	GCTGCTGCTGCTAGCGTTAGCCAATTGT	GAATTCTCAACGATTGCGAGCTCTACAC	451	0	58	59	C	
YFL024C.2	ACAGCAATCCTCCACAGTGGCAGAAAAT	AGCCAGTGCTGGTAGCAGTAATAGTCGA	GCAACAGTCTTCAACGGTAGCGCTGAAC	TGCTTCTGCCGGCTCTTCTAACTCTAGA	340	0	58	60	C	
YFL023W.1	TATACCTGGCTTTGAAGCGCAGTCCTCA	CACCCTAGTTCTTCTATTCGACCTGCTT	CATCCCAGGTTTCGAAGCTCAAAGCAGC	AACTCGGGTTCGTCGGTTGCTTCGAGAA	451	0	58	60	C	
YFL023W.2	AATCCAAGAGGTGTCTAGGTCGATGGCT	TTTCGACGCGGTAGCTTCTTTCAACCGT	GATTCAAGAAGTTAGCCGAAGCATGGCC	CTTGCTAGCAGTGGCTTCCTTTAGTCGT	433	0	59	59	C	
YFL022C.2	TAGATCCTTTGGTAGACCCATGGACTCG	CTTGAGAACTCACTCCACAGCCATCTCT	CAAGTCTTTAGGCAAGCCCATGCTTTCC	TCTACGAACCCATAGCACCGCTATTAGC	382	0	59	59	C	
YFL022C.1	GTTCTTGAAAGCTCTAGCCTGACCGACC	TTCCGCTTTGAACTCTTTGAAAGCCCAC	ATTTTTAAAGGCTCGGGCTTGGCCAACT	GAGCGCCCTAAATAGCCTAAAGGCTCAT	226	0	59	58	C	
YFL021W.2	CTCGCGAAGAAATTCCTCCGTGAGGAAG	AGTCTTCAACGACAGAGGCCTTGTGACG	TAGCAGACGAAACAGCAGCGTTCGAAAA	GGTTTTTAGGCTCAATGGTCGGGTAACA	247	0	60	58	C	
YFL021W.1	CAAGTCTTCCACTTCTGTGCAATCTTCG	TCCCGGATTGAGAGACGACGATGGA	TAAAAGCAGCACCAGCGTTCAAAGCAGC	ACCTGGGTTCAAGCTGCTGCTAGGT	280	0	58	59	C	
YFL018C.1	ATTTGGACCGATAATGTGAGCCCCCAAA	CATTCCTTCGGTCATGTATTCTCACCCA	GTTCGGTCCGATGATATGGGCACCTAGG	TATCCCAAGCGTTATGTACAGCCATCCT	214	0	58	60	D	
YFL016C.2	GACTGAATCTTTCAAGTCCGCCTCTACA	CCCTTGTAGTACCTGTTCAGGGACG	AACGCTGTCCTTTAGATCAGCTTCAACG	TCCATGCTCTACTTGCAGCGGTACC	325	0	58	58	D	
YFL016C.1	TCTGAACATAGATGACGACCTGCTTGCG	CGCTCCACGAATACCAAAATCTAGCTTC	TCGAAACATGCTGCTGCTTCGAGAAGCA	TGCCCCTAGAATCCCTAAGAGCTCTTTT	469	0	58	58	D	
YFL013C.1	TGGCACGGAGTGAAAAGTTCTCAATTGC	GCCAGTGACAACTAACACTGTTAGAAGG	AGGAACGCTATGGAAGGTTCGTAGTTGG	TCCTGTTACCACCAATACCGTCCGACGA	484	0	58	60	D	
YFL011W.1	CGGCAGTTTTCAACTATCAGATGTCAGG	TGAGATCAAAGTTGGCGACAGCACAGCA	TGGTTCTTTCCAATTGAGCGACGTTCGA	GCTAATTAGGGTAGGGCTCAAAACGGCG	265	0	58	59	D	
YFL011W.2	TGGTATCGTGATCCAGATTGCTTCCTCT	CAAGGGAACCCGCCACTGTATTGAATTT	CGGCATTGTTATTCAAATCGCCAGCAGC	TAGTGGGACTCGCCATTGGATGCTGTTG	253	0	58	60	D	
YFL010C.1	GCCGTGTCCACTACCTTTACTGGTGCTT	TCCTCCACCAGGTGTTAACAATGAGAAG	ACCATGACCAGAGCCCTTAGAAGTAGAA	CCCACCTCCTGGCGTCAATAACGAAAAA	265	0	59	58	D	
YFL009W.2	CAGCGGTTCTACAGACAGAACGGTG	ACTAACGACAATATTACCGTGGCCTGAG	TTCTGGCAGCACCGATCGAACCGTT	AGAGACAACGATGTTGCCATGACCGCTA	325	0	58	59	D	
YFL009W.1	CAGTGCCGCTGCAGACGGTTCA	CGACGACGAGGAGTTTACGGGATTGCTA	TTCTGCTGCCGCTGATGGCAGC	GCTGCTGCTGCTATTAACTGGGTTAGAG	346	0	60	59	D	
YFL008W.1	ACTCGGTGTGCGGAGTAATCATTTGAGG	GGGAGATTGTGCTGCAATTTGCTCAACA	TTTGGGCGTTCGATCTAACCACCTACGA	TGGGCTTTGAGCAGCGATTTGTTCGACG	340	0	58	60	D	
YFL008W.2	CTCGGATTTACGGCTCATAAAGGTTCCT	GTGCAAACGTTCAGTATGAAGGGCGTTT	TAGCGACTTGCGATTGATCAAAGTCCCA	ATGTAGTCGTTCGGTGTGCAAAGCATTC	481	0	58	58	D	
YFL008W.3	TGGCTTGGCAGTGTCTACCATCTTAGGT	TGCTCTGATTGAATTAGAGCGTTGACCG	CGGTCTAGCTGTTAGCACTATTTTGGGC	AGCTCGAATGCTGTTGCTTCGTTGGCCA	499	0	58	60	D	
YFL008W.4	TGCGGGCACTGCATCTTTCATACCACTA	ACCTGTCATCAAACCGGCCTTGTGGATC	AGCTGGTACCGCTAGCTTTATCCCTTTG	GCCGGTCATTAGGCCAGCTTTATGAATT	268	0	60	58	D	
YFL007W.1	AAAGTCTAGGCTATATGCCGCAGACGGA	CACGGATCTGCTGAACCAGCGAGATGAT	GAAAAGCCGATTGTACGCTGCTGATGGT	AACGCTTCGAGAAAACCATCGGCTGCTA	220	0	60	59	D	
YFL007W.5	CAATGGCATGGATTCCACTTCCCTTTTG	AGCATTAAAGTCGGGGCCTGCTAAGTCG	TAACGGTATGGACAGCACCAGCTTGCTA	GGCGTTGAAATCTGGACCAGCCAAATCA	460	0	59	59	D	
YFL007W.6	TCCAGTAGCTTTAAGAAAGTCGCTAGCG	GTCGGGATCTGGATAAGGTAGAAATTCG	CCCTGTTGCCTTGCGAAAAAGCTTGGCT	ATCTGGGTCAGGGTATGGCAAGAATTCA	226	0	58	59	D	
YFL007W.3	GTCTGAGATGCCATCTGGTGTAAATACC	GGGCTCATTTACGTGTGAGAGAGATTGA	TAGCGAAATGCCTAGCGGCGTTAACACT	TGGTTCGTTAACATGGCTCAAGCTTTGG	391	0	58	58	D	
YFL007W.4	ACTGGACACTTCGACCACAAGCTTCCCT	TGTCAATAGATGACCAGCTGTCTTGAGG	CTTGGATACCAGCACTACCTCTTTTCCA	GGTTAGCAAGTGGCCGGCGGTTTTCAAA	208	0	59	59	D/E	
YFL007W.2	TCGTGCGGCATCCATTTTGTCTGATATC	AGTCCTGGCCCACGAGGATAAGTTGCTT	CCGAGCTGCTAGCATCCTAAGCGACATT	GGTTCGAGCCCAGCTGCTCAAATTAGAC	262	0	59	60	E	
YFL005W.1	CGATGAAGCACAGCTACTGTTGGTTGGT	GCTAATATTGCCCTCTTTACCGTTACCG	TGACGAAGCTCAATTGTTGCTAGTCGGC	AGAGATGTTACCTTCCTTGCCATTGCCA	235	0	58	58	E	
YFL004W.2	GCCTTCCCATTCGGAAGAATATTCCCCA	CTTATCAGATAACTGGCCAGTCCACCTT	ACCAAGCCACAGCGAAGAATACAGCCCT	TTTGTCGCTCAATTGACCGGTCCATCGC	487	0	58	60	E	
YFL004W.1	CTTAGCCAGCGCTTCTAAGTTTTCTAGC	GCTACTAGTGGAGCTCGAACTACCCACA	ATTGGCTTCTGCCAGCAAATTCAGCTCT	AGAAGAGGTGCTAGAGCTAGAGCCAACG	241	0	59	59	E	
YFL003C.3	AGACACACAAAACCCATCAGCGATGCTT	ACCGGCACTTTATGGGTCTTTTCCTGTC	GCTAACGCAGAAACCGTCGGCAATAGAG	CCCAGCTTTGTACGGTAGCTTCCCAGTT	202	0	58	60	E	
YFL003C.2	TGTAATCGCCGCCAGTCCATCTTGGCTA	CTCTAGGACCGCAACCTCCTTAAGTCGA	GGTGATAGCAGCCAAACCGTCTTGAGAG	TAGCCGAACTGCTACTAGCTTGTCTAGA	370	0	60	59	E	
YFL003C.1	TGGAGCTAGAGAACTGCTTGGAATCAGT	TTCACTCCTCGGTCCTAGTATTGACTGT	AGGGGCCAAGCTAGAAGAAGGGATCAAG	CAGCTTGTTGGGCCCATCTATCGATTGC	217	0	58	60	E	
YFL002C.2	GAAGTAGGAGACTGACACACATGTTGGA	TCTATTTTCTGCAACTATGCGTAGCGCC	AAAATAGCTAACGCTAACGCAGGTAGGG	CTTGTTCAGCGCTACCATGCGATCTGCT	232	0	58	59	E	
YFL002C.1	ATTTAATTTCAAAGAGGAGGGCGCCTGG	GTCACGCCAAATTGAGTCTGTCGTTCTA	GTTCAACTTTAGGCTGCTTGGAGCTTGA	AAGCCGACAAATCGAAAGCGTTGTCTTG	433	0	58	58	E	
YFL001W.1	CGATATTCGTATATCAGCTGTCTGCCTC	GTGCCATAGGAATGCTGAACCAACGAGA	TGACATCCGAATCAGCGCCGTTTGTTTG	ATGCCACAAAAAAGCGCTGCCGACCAAG	292	0	58	60	E	
YFR001W.1	ATCTGCCCAGCGTAAGCCTTCTAAAACC	ACGTATAGTCCTTGCGACAGAAGACTTC	GAGCGCTCAACGAAAACCAAGCAAGACT	TCGGATGGTTCGAGCAACGCTGCTTTTT	403	0	58	59	E	
YFR002W.1	ATATGCTTCTTCAAAGGACCACGGCCTA	GTTTGAGAAGCGAGATGGTCCATACGAT	TTACGCCAGCAGCAAAGATCATGGTTTG	ATTGCTAAATCGGCTAGGACCGTAGCTG	310	0	58	58	E	
YFR002W.3	GCATTTGGCAATAGGGCTAGCAAGCTTG	TACTAGCTCCCTCAACGCCTCATGGCAT	TCACCTAGCTATCGGTTTGGCTTCTCTA	AACCAATTCTCGTAGAGCTTCGTGACAC	229	0	60	58	E	
YFR002W.2	TAGCGAGACGAATCCTGTCTTGTTGGCT	AGCAGATAGCTCGTCTGAGAAAGGAAGT	CTCTGAAACCAACCCAGTTCTACTAGCC	GGCGCTCAATTCATCGCTAAATGGCAAC	220	0	58	59	E	
YFR004W.1	CCACTCTCATCCAGGGTTTGGCTGT	TGTGTTGGAGGTTGTTTGTCTAGGCTCT	TCATAGCCACCCTGGTTTCGGTTGC	GGTATTGCTAGTGGTTTGTCGTGGTTCC	208	0	58	59	E	
YFR005C.1	AACGGTGCTAGTAGAGGAGCTTCTTGAC	TTTGATATCGCACATGGTTCCAGTGCGG	GACAGTAGAGGTGCTGCTAGATCGGCTT	GCTAATCAGCCATATGGTCCCTGTTCGA	496	0	59	60	E	
YFR006W.1	CATATGGAGCGGTATGCCTTTGAGTTTG	GGACATAACGGCCAAATGGCTCTTGTCT	TATCTGGTCTGGCATGCCACTATCTCTA	GCTCATGACAGCTAGGTGAGATTTATCG	295	0	58	58	E	
YFR006W.2	TGAGGCCTTGTACATATCTGATCTGGGG	ACAAATGGGGTCATAGCCCAAAGAACGA	CGAAGCTCTATATATCAGCGACTTGGGT	GCAGATTGGATCGTAACCTAGGCTTCGG	337	0	58	59	E	
YFR007W.1	GACGTCCCTATGTAAGGTCTCCTCACAT	CCTGCCATTCAACAAATCATTGCTGCGA	AACCAGCTTGTGCAAAGTTAGCAGCCAC	TCGACCGTTTAGTAGGTCGTTAGATCGG	394	0	58	59	E	
YFR008W.1	TGAGACATCTGAAGAACCTCACGATACC	ATCTTCGAGGGGAATTGTCTCCGTCTGG	CGAAACCAGCGAAGAACCACATGACACT	GTCTTCCAATGGGATGGTTTCGGTTTGA	355	0	59	58	E	
YFR009W.1	CTCATTAAGCATGCTGGGTGTGAACGGT	CAGCTCTCTTCTAGATAGAGCCCTTAAC	TAGCTTGTCTATGTTGGGCGTTAATGGC	CAATTCTCGTCGGCTCAAGGCTCGCAAT	406	0	58	59	F	
YFR009W.2	GGATTCTATGGATTTGACCACGTCTGCA	TGCAGCATCAGCAGACTGCAAGATGTAA	TGACAGCATGGACCTAACTACCAGCGCT	AGCGGCGTCGGCGCTTTGTAGAATATAG	424	0	58	60	F	
YFR012W.1	CACCTCGAAAGAAATATTACCTGGCCCT	GCTATGTTTTCTGTCTGACTGCGCAGAC	TACTAGCAAGGAAATCTTGCCAGGTCCA	AGAGTGCTTTCGATCGCTTTGAGCGCTG	406	0	58	59	F	
YFR013W.1	GGCACCTTCCACACAGAACTCTAAATCA	GCTTCCATTAGGATCGCCGGGATACAAA	AGCTCCAAGCACCCAAAATAGCAAGAGC	AGAACCGTTTGGGTCACCTGGGTATAGG	394	0	58	60	F	
YFR013W.2	CGCTTTGATCCCTAGCAATTGGACTTCT	TAGCAATAAGGAGGTGTCTTCAGGACCC	AGCCCTAATTCCATCTAACTGGACCAGC	CAATAGCAAGCTAGTATCTTCTGGGCCT	292	0	58	58	F	
YFR014C.1	ACTCCCAGGAAGATCGCTATCAGAACTA	TTTGGATCCTTCAAAGAGACCGACCGCC	AGAACCTGGCAAGTCAGAGTCGCTAGAG	CCTAGACCCAAGCAAACGACCAACTGCT	433	0	59	60	F	
YFR015C.2	ACTATTGGACCTTACTTTGGGGGATCCG	AACAAACGTTTCTGGGTTCGGTGCCTAC	AGAGTTGCTTCGAACCTTTGGGCTACCT	CACCAATGTCAGCGGTTTTGGCGCTTAT	406	0	59	59	F	
YFR015C.1	GTTCAAACCATTGGGCAAAATGCCATCC	CCTATGGTCTCTCGTCGGAATTCCATCA	ATTTAGGCCGTTTGGTAGGATACCGTCT	TTTGTGGAGCTTGGTTGGTATCCCTAGC	454	0	58	58	F	
YFR016C.1	ACCTGGAAGACTCCTACCCTTGCTGAAA	ACTCCAATCACTAGATGCGAAAGACTCC	GCCAGGCAAAGATCGGCCTTTAGAAAAG	GTTGCAAAGCTTGGACGCTAAGGATAGC	298	0	58	59	F	
YFR016C.2	TGCTTTTGAATTTTCGCTCGCAGCCTCA	TGAGAAATCGAAGACTCCTGAGTCTCCA	AGCCTTGCTGTTTTCAGAAGCGGCTTCG	CGAAAAGAGCAAAACCCCAGAAAGCCCT	385	0	58	60	F	
YFR016C.3	TGCTTTCTCGTTGGAAAGCTCAGCAGTC	TGAAATAGAGGGAAGCGCAAACTCTGCA	AGCCTTTTCATTGCTCAATTCGGCGGTA	CGAAATCGAAGGTTCTGCTAATAGCGCT	349	0	58	58	F	
YFR016C.4	GGAAGATTTTTCTCCCGCTTCTGACTGC	AGCTGGTAGTGATAGTATCATCCCTCCA	GCTGCTCTTTTCACCAGCTTCGCTTTGT	TGCCGGCTCTGACTCTATTATTCCACCT	331	0	58	59	F	
YFR017C.1	AGACGACTTTCTACGCGTGCCCAACTGT	TTCTACATTCAACCTCCCGGGTCCAAGC	GCTGCTTTTTCGTCGGGTACCTAGTTGA	CAGCACCTTTAATTTGCCAGGCCCTTCT	412	0	60	59	F	
YFR018C.1	GTTACGGGAGCGTAGTGACTGTACTACA	TCGATTTTTAGGGCTCGGGCATTCGGTC	ATTTCGGCTTCGCAAGCTTTGAACAACG	CAGATTCTTGGGTTTGGGTCACAGCGTT	211	0	60	58	F	
YFR019W.5	ACCGTCCCTGCACATTATGTCGACATCT	CGAGTGAGAAGGCTTATAGCGACTCGGA	GCCAAGCTTGCATATCATGAGCACCAGC	GCTATGGCTTGGTTTGTATCGAGATGGG	292	0	60	60	F	
YFR019W.3	AACAACTAGTGGGAGGATACCCTCTAGC	ACCATCTATCAAGAGAGTGCAACTGCTG	TACCACCTCTGGTCGAATCCCAAGCTCT	GCCGTCGATTAGCAAGGTACAAGAAGAA	487	0	58	59	F	
YFR019W.1	GTCTTCGATAAAGAGTGCCTCTTCTTCG	ATTGGTATTGGAAGAACGAGAGCGAGAG	TAGCAGCATCAAATCTGCTAGCAGCAGC	GTTAGTGTTGCTGCTTCGGCTTCGGCTT	406	0	58	60	F	
YFR019W.6	CTCATTCGATTCGGAAAACGATAGGGCT	AGCGGGTGTTGCAGAGCTATTGTTACTG	TAGCTTTGACAGCGAAAATGACCGAGCC	GGCTGGGGTAGCGCTAGAGTTATTAGAA	349	0	58	59	F	
YFR019W.7	ACAGTCTTCTTCCATACTGGATCCTGCC	GGACATGGAACCTTCGTCCTCAGAAGAG	TCAAAGCAGCAGCATCTTGGACCCAGCT	GCTCATGCTGCCTTCATCTTCGCTGCTA	349	0	60	60	F	
YFR019W.2	GGCCTCTTCATCCGCTGCAAGC	CGACGGCAATGCTTTCGAAAAGACAACC	AGCTAGCAGCAGCGCCGCTTCT	GCTTGGTAGAGCCTTGCTGAAAACGACA	418	0	59	59	F	
YFR019W.4	GGTTTCTTCTTCTTTGACCCCTCAAACC	GCCTGAACTTCTAGAGTGAAGCGGTTCA	CGTCAGCAGCAGCCTAACTCCACAAACT	ACCGCTAGATCGGCTATGCAATGGTTCG	379	0	58	60	F	
YFR020W.1	CTCGGATTCGGACTCCACGTTAATTGAC	ACCCTGCCACAATCCACCACGG	TAGCGACAGCGATAGCACCTTGATCGAT	GCCTTGCCATAGACCGCCTCGA	361	0	59	59	F	
YFR021W.2	TGCGCTTTCACCAAGGAGATTGCGTATA	ATAGCTGTTGGCTACCGAAGGAGACATA	AGCTTTGAGCCCTCGACGACTACGAATC	GTAAGAATTAGCAACGCTTGGGCTCATG	238	0	58	59	G	
YFR021W.1	CGATGATTCATCGCTCGATACCACCAGT	AAAATGGCGCGAGGATTCCAACAACGAT	TGACGACAGCAGCTTGGACACTACTTCT	GAAGTGTCGGCTGCTTTCTAGTAGGCTG	217	0	58	60	G	
YFR022W.2	CCCCTCGGTGCTTTTATCTGGTTGCATC	ATTACTTGATGAGCTACTGCCCGCAAGG	TCCAAGCGTTTTGTTGAGCGGCTGTATT	GTTAGAGCTGCTAGAAGAACCAGCCAAA	277	0	60	58	G	
YFR022W.1	CCAGGACGCTAGTTCTTCGTCGTTGTCT	TGAAGAGGGTGAGGAGGACCCC	ACAAGATGCCTCTAGCAGCAGCCTAAGC	GCTGCTTGGGCTGCTGCTACCT	235	0	60	60	G	
YFR023W.2	AGTAGGAGGAAGCATCGTCACGACATCT	GTCTCTAGTGGCACTTGGAAATCTCATG	GGTTGGTGGTTCTATTGTTACCACCAGC	ATCTCGGGTAGCAGAAGGGAATCGCATA	298	0	58	59	G	
YFR023W.1	CTCACATGCGAATAGTTTGAACTCCCCA	AAATCCTAACGAGCTTGCAGCCTCTTCA	TAGCCACGCTAACTCTCTAAATAGCCCT	GAAACCCAAGCTAGAAGCGGCTTCTTCG	328	0	58	59	G	
YFR024C-A.1	GCTATATAATGCCACGGCCTTTGGAGAA	TGGAGCTTCAAGTTATTATGCCAGCCAC	AGAGTACAAAGCAACAGCTTTAGGGCTG	CGGTGCCAGCTCTTACTACGCTTCTCAT	298	0	58	59	G	
YFR025C.1	CACGCCGTGTGCGTCATCACTTAGAACA	TCCTGTAGCTTCACTGGACGTCATCAGT	AACACCATGAGCATCGTCAGACAAGACG	CCCAGTTGCCAGCTTGGATGTTATTTCT	220	0	60	58	G	
YFR026C.1	GCAAAACCTTTTGGTACACGAACAGGCC	CTGGAATGGACCTCCTGAGTCATTGAGG	ACAGAATCGCTTAGTGCAGCTGCAAGCA	ATGGAACGGTCCACCAGAAAGCCTACGA	283	0	60	60	G	
YFR027W.1	AGGGACAATAACGCCATTGAACTCCTCA	GATACCCAACTTCCTTGCTGTCCTGCAC	CGGTACCATCACCCCTCTAAATAGCAGC	AATGCCTAGTTTTCGAGCGGTTCGACAA	409	0	59	59	G	
YFR028C.1	TCTCCCTGACGTTACTCTCCTATTCTTG	TAGTGCCAGAAATTCGAGCCAACCTTCT	TCGACCGCTGGTAACTCGTCGGTTTTTT	GTCTGCTCGAAACAGCTCTCAACCAAGC	394	0	58	60	G	
YFR028C.2	ATGTGAAGATTTGGTAGCGAGATAGCCC	CTATTCATCTGCATCGACCAGACAACGT	GTGGCTGCTCTTAGTGGCCAAGTAACCT	TTACAGCAGCGCTAGCACTCGACAACGA	373	0	58	60	G	
YFR029W.1	GTGTGGCTGCTGTATATCTGAATCGCTA	GGAAGAGCGCGATGGCGTTAGC	CTGCGGTTGTTGCATCAGCGAAAGCTTG	GCTGCTTCGGCTAGGGGTCAAG	259	0	58	60	G	
YFR029W.2	CAACTCTCCTCAACTAGTATCATGTGGC	CGACCTTGGATCTATGTCTATGCATCGG	TAATAGCCCACAATTGGTTAGCTGCGGT	GCTTCGAGGGTCGATATCGATACATCTA	286	0	58	58	G	
YFR030W.2	GTCCTTTTCTCAACCCGATTTGCTACAC	AGATGCCTCAGGAACAGATTCGACCAAC	AAGCTTCAGCCAACCAGACCTATTGCAT	GCTAGCTTCTGGGACGCTTTCAACTAGT	493	0	58	58	G	
YFR030W.3	TTTCTTGAGATCTCAAGTTTCAGCCGCC	AGACAGAGCTTTCACAAGTTTGGAGGCA	CTTTCTACGAAGCCAAGTCAGCGCTGCT	GCTCAAGGCCTTAACCAACTTGCTAGCG	244	0	58	60	G	
YFR030W.1	ATCTGTTCGCCCATCTCTTGAGGAACTT	CAATTCTGAACCGACAGCAAGGTCTGAG	TAGCGTCCGACCTAGCTTGGAAGAATTG	TAGTTCGCTGCCAACGGCCAAATCGCTA	205	0	58	60	G	
YFR031C.2	TCTCGTCCTGAAGACCCTATTAGCATTG	GTCCGGTGGGCAAAGGTCGTTGATT	TCGGGTTCGAAAAACTCGGTTGGCGTTA	AAGCGGCGGTCAACGAAGCCTAATC	226	0	58	59	G	
YFR031C.3	GGAAGATGGATTCGCGTCGAGATTACGC	ATACGACCCAGAGGGTACATTGTCTGGT	GCTGCTAGGGTTAGCATCCAAGTTTCGT	TTATGATCCTGAAGGCACCCTAAGCGGC	250	0	60	60	G	
YFR031C.4	TGCCTTGGCCAACTGTGCGTTATAACCA	GGAGTCAGAAATTGCAAGTTCCTCTGCA	AGCTTTAGCTAGTTGAGCATTGTAGCCG	GGAAAGCGAAATCGCTTCTAGCAGCGCT	211	0	58	59	G	
YFR031C.1	CAAAACCGACTGTTGAGGTGCCCTATGC	ATCAATGAGCACTGTGCGAGCATCTAGC	TAGGACGCTTTGTTGTGGAGCTCGGTGA	TAGCATGTCTACCGTTAGAGCTAGCTCT	229	0	60	59	G	
YFR032C.1	CGATTTGCCCCTCAAAGTAGCTGTCTTG	TAGCAACCCTCGCAAACCACTAGGCATA	GCTCTTACCTCGTAGGGTGGCGGTTTTA	CTCTAATCCACGAAAGCCTTTGGGTATC	454	0	59	59	G	
YFR034C.1	GCGTCTTGTGCTGTTCGACGGCAGAATA	GCCGCGGCTATTATATTCGCCGCTAATA	TCGTCGGGTAGAATTGCTTGGCAAGATG	ACCACGATTGTTGTACAGCCCATTGATC	283	0	60	58	H	
YFR037C.2	GATTGACTCGTTACCGCATGTATGGCAA	TGTTGCCTCGATAGTGAAGATTCACGCG	AATGCTTTCATTGCCACAGGTGTGACAG	CGTCGCTAGCATCGTTAAAATCCATGCT	358	0	58	58	H	
YFR037C.1	GCCCGTAAAACTTGGCCCAATAAGACTG	CCCGGTGATTATTCCGTCGTTTGCCTCT	ACCGGTGAAAGAAGGACCGATCAAAGAT	TCCAGTTATCATCCCAAGCTTCGCTAGC	322	0	60	58	H	
YFR038W.3	TATTCAGCTGGACTCAGAGGACGATTCC	CAATAGGCGAGGTTGCTTTATTGCTGCA	CATCCAATTGGATAGCGAAGATGACAGC	TAGCAATCGTGGTTGTTTGATAGCAGCG	409	0	58	58	H	
YFR038W.1	AGTGACTGCACCATTAAGCACCCTAGAT	GGAACCGGAGCCTAAATTTAAGCTGTCG	GGTTACCGCTCCTTTGTCTACTTTGGAC	GCTGCCGCTACCCAAGTTCAAAGAATCA	451	0	58	59	H	
YFR038W.2	AATCCCCCCATTAATATCTGAGGGGCAC	TGCCGCCCTTGTGGACAATAGGAAAATG	GATTCCACCTTTGATCAGCGAAGGTCAT	AGCAGCTCGGGTGCTTAGCAAAAAGATA	214	0	59	58	H	
YFR039C.2	TGAATCCAAAAGTGCCATCGCACTGTGT	TAGCGCTGATGGCACGCTCACCAAA	GCTGTCTAGCAAAGCCATAGCAGAATGG	CTCTGCCGACGGTACCTTGACTAAG	349	0	58	59	H	
YFR039C.1	CAAAATAGCAGCAGTGACGAGTTGTGAG	AAGGCTAAATGAGCTCTGCTGTTCGCTA	TAGGATGGCGGCGGTAACCAATTGGCTA	GCGATTGAACGAATTGTGTTGCAGCTTG	367	0	58	59	H	
YFR040W.1	CAGCAATGCTACTGCTCCCATGATGGTC	GTTACCAAACGAGGAGCTTCCGCGT	TTCTAACGCCACCGCCCCAATGATGGTT	ATTGCCGAAGCTGCTAGAACCTCGC	406	0	60	60	H	
YFR040W.2	CACAGATAAGATTGAATCACCCACGGGA	AGATGCTAGCTGTCTCGTCAAGGAGTTT	CACCGACAAAATCGAAAGCCCAACCGGT	GCTAGCCAATTGTCGGGTTAGGCTATTA	217	0	58	59	H	
YFR040W.3	CCGATTTTCTCCCGTTATTAGAGACCCA	ACCACTTGTTCCATTACTACTCCCGGTA	CAGATTCAGCCCAGTCATCCGAGATCCT	GCCAGAGGTACCGTTAGAAGAACCAGTG	433	0	58	60	H	
YFR044C.1	GTGTAAATCTGCACTTGGACCCTCAATG	GTCTAGGTTCGGCAGCGACCCTTCAAAA	ATGCAAGTCAGCAGAAGGGCCTTCGATA	GAGCCGATTTGGTTCTGATCCAAGCAAG	445	0	59	59	H	
YFR045W.1	CGACAAGGCATCCTCAGTAATAACGGGG	TCAAGACCTGGAAGAGAAGCCTAGTAAC	TGATAAAGCTAGCAGCGTTATCACCGGT	TCAGCTTCGGCTGCTAAAACCCAACAAT	283	0	59	58	H	
YFR046C.1	CAGCGGTTTTATAGAAGAACGTCTCACC	TTTGCGCACGTCGCCAAGCATTGGA	CAATGGCTTGATGCTGCTTCGTCGAACA	CCTACGAACCAGCCCTTCTATCGGT	256	0	58	59	H	
YFR047C.1	GGCCCTGGCGTTCTTAACTGCGTTTGTT	CTTGGAGCCTTCGAAGAATGACTCTGGT	AGCTCGAGCATTTTTGACAGCATTGGTG	TCTAGAACCAAGCAAAAACGATAGCGGC	349	0	60	58	H	
YFR048W.2	AAGAAGGCGATCGTCTGGCAGGTTTAGC	TGGTAGAAGTGGCAAAGTATACGCAACG	TCGACGAAGAAGCAGCGGTCGATTCTCT	AGGCAACAAAGGTAGGGTGTAAGCGACA	481	0	59	60	H	
YFR048W.1	GCTATCCAGCTCTTCAAGCGATAGGCCT	TCGAGGTAGCCGATCGAAGGAATTAGAC	ATTGAGCTCTAGCAGCTCTGACCGACCA	TCTTGGCAATCGGTCAAAGCTGTTGCTT	229	0	60	59	H	
YFR050C.1	GGCCAGTGAGAAGTTTCTAGAAGAACGG	CACCGTTGTGGGCATTTCAGGTGATATT	AGCCAAGCTAAAATTTCGGCTGCTTCGA	TACTGTCGTTGGTATCAGCGGCGACATC	451	0	58	59	H	
YFR051C.2	GGTACCATCTCTGGAGAATTCTGCATTG	CAGTTACTACTCCCATGCTTCTCCTGCA	AGTGCCGTCTCGGCTAAATTCAGCGTTA	TTCTTATTATAGCCACGCCAGCCCAGCT	310	0	58	59	H	
YFR051C.1	GCCGTCGTAATCGCCATTTGAAGACATA	AGTCTCCGAGATCTCGTCAGACCACACA	ACCATCATAGTCACCGTTGCTGCTCATG	GGTTAGCGAAATTAGCAGCGATCATACC	448	0	59	58	H	
YFR052W.1	AGGTGCCCTTGCTAGCATCCAAACTTTC	CGACCCTTCCATGAGCCATCTGTCTAGT	TGGCGCTTTGGCCTCTATTCAAACCTTT	GCTACCTTCCATCAACCATCGATCCAAC	277	0	60	58	H	
YFR053C.1	TGGAGATTGTTCGTCGACAGCAACATCG	AGGTTTCACCTTCTCGTACCCAGCTTCC	AGGGCTTTGTTCATCAACGGCGACGTCA	GGGCTTTACTTTTAGCTATCCTGCCAGC	424	0	60	60	H	
YFR054C.1	GAATCTGGAAGATGCATTCGTCGATTGG	CTCGAGCCGTTTTTCAAGTAGCTTTACG	AAATCGGCTGCTAGCGTTGGTGCTTTGA	TAGCTCTCGATTCAGCTCTTCTTTCACC	364	0	58	58	H	
YFR055W.1	GCTTGGTTCTATCTCTTTGGCGCTATTG	CTTTTTGGCAACAGAGACCAAAGCTGGA	TTTGGGCAGCATTAGCCTAGCTTTGCTA	TTTCTTAGCGACGCTAACTAGGGCAGGG	268	0	58	59	I	